#"Step","Time (ps)","Potential Energy (kJ/mole)","Kinetic Energy (kJ/mole)","Total Energy (kJ/mole)","Temperature (K)"
10000,19.999999999999794,-122.41403198242188,51.40106964111328,-71.0129623413086,242.43638029222996
20000,40.00000000000292,-96.33273315429688,88.7960433959961,-7.536689758300781,418.8121277534334
30000,60.00000000002736,-116.87542724609375,66.85567474365234,-50.019752502441406,315.32899801527714
40000,79.99999999999496,-109.66360473632812,44.20581817626953,-65.4577865600586,208.49952386864635
50000,99.99999999994834,-109.6734619140625,57.024269104003906,-52.649192810058594,268.9585544991652
60000,119.99999999990173,-122.39898681640625,64.58182525634766,-57.817161560058594,304.60424378583286
70000,139.99999999994037,-137.94473266601562,48.60075759887695,-89.34397506713867,229.2285322853959
80000,160.00000000003587,-107.34237670898438,69.37208557128906,-37.97029113769531,327.19780807390003
90000,180.00000000013137,-112.44638061523438,59.87950134277344,-52.56687927246094,282.4254370697819
100000,200.00000000022686,-105.68667602539062,53.56100082397461,-52.125675201416016,252.62383166842417
110000,220.00000000032236,-107.8096923828125,57.341522216796875,-50.468170166015625,270.4548987744689
120000,240.00000000041786,-95.3470458984375,46.286712646484375,-49.060333251953125,218.3141936148473
130000,260.00000000051335,-127.83621215820312,54.45355224609375,-73.38265991210938,256.8336066305812
140000,280.00000000060885,-130.69970703125,79.69285583496094,-51.00685119628906,375.8763706412237
150000,300.00000000070435,-128.53317260742188,57.53659439086914,-70.99657821655273,271.37496896187974
160000,320.00000000079984,-113.126953125,67.2654800415039,-45.861473083496094,317.2618704969082
170000,340.00000000089534,-117.78964233398438,92.67047882080078,-25.119163513183594,437.0861463025402
180000,360.00000000099084,-92.75540161132812,100.73858642578125,7.983184814453125,475.1398836511335
190000,380.00000000108633,-115.04156494140625,60.25379943847656,-54.78776550292969,284.1908375975553
200000,400.00000000118183,-120.60073852539062,43.61980438232422,-76.9809341430664,205.73555292412377
210000,420.00000000127733,-121.59951782226562,69.86396789550781,-51.73554992675781,329.5178020165541
220000,440.0000000013728,-91.45947265625,62.45110321044922,-29.00836944580078,294.55455914263047
230000,460.0000000014683,-114.32867431640625,64.42584991455078,-49.90282440185547,303.86857626871506
240000,480.0000000015638,-121.0692138671875,67.99070739746094,-53.07850646972656,320.6824509691577
250000,500.0000000016593,-103.44338989257812,52.826290130615234,-50.61709976196289,249.15852243840826
260000,520.0000000015274,-114.8970947265625,102.34040832519531,-12.556686401367188,482.6949774629587
270000,540.0000000010544,-119.74139404296875,72.43126678466797,-47.31012725830078,341.626628820392
280000,560.0000000005815,-101.03762817382812,74.53990936279297,-26.497718811035156,351.5721742640963
290000,580.0000000001086,-120.298583984375,85.50053405761719,-34.79804992675781,403.2686505302127
300000,599.9999999996356,-121.1385498046875,50.14474868774414,-70.99380111694336,236.51086343924058
310000,619.9999999991627,-100.27728271484375,59.37016296386719,-40.90711975097656,280.0231105464603
320000,639.9999999986898,-110.943359375,74.03279113769531,-36.91056823730469,349.18031923595584
330000,659.9999999982168,-136.6505126953125,71.79212951660156,-64.85838317871094,338.61209766643435
340000,679.9999999977439,-109.23092651367188,72.99966430664062,-36.23126220703125,344.30751150933713
350000,699.999999997271,-101.15573120117188,60.347042083740234,-40.80868911743164,284.63062240289946
360000,719.999999996798,-138.28677368164062,73.66554260253906,-64.62123107910156,347.4481684042212
370000,739.9999999963251,-115.7703857421875,70.7572250366211,-45.013160705566406,333.7309055467669
380000,759.9999999958521,-111.76473999023438,86.38067626953125,-25.384063720703125,407.4198966713664
390000,779.9999999953792,-116.93911743164062,53.482635498046875,-63.45648193359375,252.2542166761489
400000,799.9999999949063,-124.96322631835938,65.06649017333984,-59.89673614501953,306.8901963730186
410000,819.9999999944333,-85.38137817382812,73.15115356445312,-12.230224609375,345.0220201289758
420000,839.9999999939604,-119.65951538085938,49.30324935913086,-70.35626602172852,232.5418788894683
430000,859.9999999934874,-125.29336547851562,76.5203857421875,-48.772979736328125,360.9132157643423
440000,879.9999999930145,-109.88458251953125,69.82945251464844,-40.05513000488281,329.3550080502344
450000,899.9999999925416,-107.245361328125,47.07865905761719,-60.16670227050781,222.04945871032098
460000,919.9999999920686,-123.15621948242188,82.82270050048828,-40.333518981933594,390.63848000753296
470000,939.9999999915957,-119.93072509765625,81.68860626220703,-38.24211883544922,385.28945314955365
480000,959.9999999911228,-109.62936401367188,66.7012710571289,-42.92809295654297,314.600743309181
490000,979.9999999906498,-95.05496215820312,83.44827270507812,-11.606689453125,393.5890306857797
500000,999.9999999901769,-117.39166259765625,56.896141052246094,-60.495521545410156,268.35423047830443
510000,1019.999999989704,-104.32305908203125,51.35733413696289,-52.96572494506836,242.23009903406725
520000,1039.9999999892311,-131.80673217773438,102.44178771972656,-29.364944458007812,483.17313975837357
530000,1059.9999999887582,-123.3673095703125,60.381927490234375,-62.985382080078125,284.79516161841605
540000,1079.9999999882853,-114.91339111328125,76.7503662109375,-38.16302490234375,361.99793312082824
550000,1099.9999999878123,-80.37979125976562,49.48849105834961,-30.891300201416016,233.41558302347443
560000,1119.9999999873394,-124.891845703125,58.8819465637207,-66.0098991394043,277.7204071654368
570000,1139.9999999868664,-96.36099243164062,55.594234466552734,-40.76675796508789,262.2137061211682
580000,1159.9999999863935,-117.0,44.53717041015625,-72.46282958984375,210.06236753602766
590000,1179.9999999859206,-102.62802124023438,54.34964370727539,-48.278377532958984,256.3435154669446
600000,1199.9999999854476,-103.99050903320312,81.22846984863281,-22.762039184570312,383.1191907926327
610000,1219.9999999849747,-118.87469482421875,80.87455749511719,-38.00013732910156,381.44994090102335
620000,1239.9999999845018,-108.14566040039062,64.0738754272461,-44.07178497314453,302.2084664450644
630000,1259.9999999840288,-118.85848999023438,60.89390563964844,-57.96458435058594,287.20993878549234
640000,1279.9999999835559,-100.68862915039062,60.01847839355469,-40.67015075683594,283.0809310774036
650000,1299.999999983083,-84.38027954101562,72.89726257324219,-11.483016967773438,343.8245272883063
660000,1319.99999998261,-119.78878784179688,60.908050537109375,-58.8807373046875,287.27665408468704
670000,1339.999999982137,-125.74887084960938,50.090003967285156,-75.65886688232422,236.2526565194069
680000,1359.9999999816641,-101.31600952148438,41.252559661865234,-60.06344985961914,194.57029419894488
690000,1379.9999999811912,-120.62283325195312,61.21196365356445,-59.41086959838867,288.71007942760576
700000,1399.9999999807183,-93.84713745117188,64.11528015136719,-29.731857299804688,302.4037544325129
710000,1419.9999999802453,-112.96084594726562,60.50648498535156,-52.45436096191406,285.38264488414023
720000,1439.9999999797724,-113.53945922851562,67.25788879394531,-46.28157043457031,317.2260658999834
730000,1459.9999999792994,-115.5830078125,51.6385498046875,-63.9444580078125,243.55647043140655
740000,1479.9999999788265,-97.21826171875,67.47737121582031,-29.740890502929688,318.2612685576064
750000,1499.9999999783536,-119.77276611328125,42.97404479980469,-76.79872131347656,202.68978720722055
760000,1519.9999999778806,-117.18316650390625,69.45750427246094,-47.72566223144531,327.6006907544738
770000,1539.9999999774077,-131.49868774414062,49.38200378417969,-82.11668395996094,232.91332909223925
780000,1559.9999999769348,-101.15457153320312,65.23460388183594,-35.91996765136719,307.68311526069675
790000,1579.9999999764618,-115.74591064453125,63.53900146484375,-52.2069091796875,299.6856997349011
800000,1599.9999999759889,-104.35232543945312,63.524085998535156,-40.82823944091797,299.61534999923464
810000,1619.999999975516,-122.74978637695312,81.13260650634766,-41.61717987060547,382.6670453048326
820000,1639.999999975043,-131.96719360351562,49.89330291748047,-82.07389068603516,235.32490363707805
830000,1659.99999997457,-122.51193237304688,63.724090576171875,-58.787841796875,300.5586841785167
840000,1679.9999999740971,-98.47140502929688,52.78692626953125,-45.684478759765625,248.97286030993195
850000,1699.9999999736242,-127.02740478515625,53.6270637512207,-73.40034103393555,252.93542162296944
860000,1719.9999999731513,-96.921630859375,57.55152893066406,-39.37010192871094,271.44540865884505
870000,1739.9999999726783,-118.29458618164062,92.40756225585938,-25.88702392578125,435.84608377527564
880000,1759.9999999722054,-73.08868408203125,84.08773803710938,10.999053955078125,396.6051091740768
890000,1779.9999999717324,-113.2359619140625,55.97793960571289,-57.25802230834961,264.02347556151284
900000,1799.9999999712595,-104.28695678710938,63.82286071777344,-40.46409606933594,301.02453976825495
910000,1819.9999999707866,-132.59689331054688,58.06850814819336,-74.52838516235352,273.88377367846834
920000,1839.9999999703136,-113.62026977539062,91.38905334472656,-22.231216430664062,431.0422223880621
930000,1859.9999999698407,-116.0523681640625,59.08137512207031,-56.97099304199219,278.661024513495
940000,1879.9999999693678,-101.51144409179688,71.80650329589844,-29.704940795898438,338.67989250121474
950000,1899.9999999688948,-121.1375732421875,53.257080078125,-67.8804931640625,251.19037034098596
960000,1919.999999968422,-92.09078979492188,65.05519104003906,-27.035598754882812,306.8369032996058
970000,1939.999999967949,-122.87481689453125,75.57282257080078,-47.30199432373047,356.4439744241683
980000,1959.999999967476,-94.82208251953125,57.890907287597656,-36.931175231933594,273.046108040764
990000,1979.999999967003,-110.60494995117188,65.65789794921875,-44.947052001953125,309.6796083728436
1000000,1999.9999999665301,-95.20474243164062,52.701377868652344,-42.50336456298828,248.56936589252626
1010000,2019.9999999660572,-112.41329956054688,75.11512756347656,-37.29817199707031,354.2852271134945
1020000,2039.9999999655843,-118.1031494140625,42.660343170166016,-75.44280624389648,201.21019372575452
1030000,2059.9999999651113,-118.427978515625,53.599334716796875,-64.82864379882812,252.80463588676494
1040000,2079.9999999646384,-133.51565551757812,75.0201644897461,-58.49549102783203,353.83732779899805
1050000,2099.9999999641655,-118.7578125,67.90108489990234,-50.856727600097656,320.25974081832703
1060000,2119.9999999636925,-106.01754760742188,81.72499084472656,-24.292556762695312,385.46106332315645
1070000,2139.9999999632196,-115.17648315429688,69.97848510742188,-45.197998046875,330.0579296545867
1080000,2159.9999999627466,-110.72760009765625,65.35188293457031,-45.37571716308594,308.2362692947965
1090000,2179.9999999622737,-114.78036499023438,48.950897216796875,-65.8294677734375,230.87998783210134
1100000,2199.9999999618008,-132.86746215820312,95.26724243164062,-37.6002197265625,449.33394532077403
1110000,2219.999999961328,-89.55712890625,59.533775329589844,-30.023353576660156,280.7947985676202
1120000,2239.999999960855,-111.65744018554688,50.700927734375,-60.956512451171875,239.1341169201704
1130000,2259.999999960382,-107.36038208007812,62.77179718017578,-44.588584899902344,296.06713243623886
1140000,2279.999999959909,-109.6927490234375,58.770118713378906,-50.922630310058594,277.1929640705359
1150000,2299.999999959436,-118.10629272460938,57.55394744873047,-60.552345275878906,271.4568157515336
1160000,2319.999999958963,-114.12005615234375,57.787384033203125,-56.332672119140625,272.5578340953633
1170000,2339.99999995849,-110.21371459960938,70.76519775390625,-39.448516845703125,333.768509369668
1180000,2359.9999999580173,-103.21133422851562,79.1559066772461,-24.05542755126953,373.34381614175027
1190000,2379.9999999575443,-98.39926147460938,58.27545928955078,-40.123802185058594,274.85987176277564
1200000,2399.9999999570714,-103.23001098632812,72.44359588623047,-30.786415100097656,341.68477980394033
1210000,2419.9999999565985,-107.8919677734375,48.69984436035156,-59.19212341308594,229.69588123269423
1220000,2439.9999999561255,-99.91989135742188,65.2035140991211,-34.71637725830078,307.53647834364256
1230000,2459.9999999556526,-130.96774291992188,71.76101684570312,-59.20672607421875,338.4653527958216
1240000,2479.9999999551796,-109.28890991210938,48.20231246948242,-61.08659744262695,227.34924075333376
1250000,2499.9999999547067,-123.23419189453125,80.60458374023438,-42.629608154296875,380.17659269320046
1260000,2519.9999999542338,-113.24676513671875,61.01702880859375,-52.229736328125,287.79065696154635
1270000,2539.999999953761,-103.46466064453125,79.3118896484375,-24.15277099609375,374.0795196433876
1280000,2559.999999953288,-114.0345458984375,60.55904769897461,-53.47549819946289,285.63056023139046
1290000,2579.999999952815,-103.13790893554688,57.45272445678711,-45.685184478759766,270.979391138769
1300000,2599.999999952342,-117.29501342773438,68.16152954101562,-49.13348388671875,321.48814436126634
1310000,2619.999999951869,-121.6217041015625,50.670074462890625,-70.95162963867188,238.98859552322148
1320000,2639.999999951396,-132.73922729492188,74.23971557617188,-58.49951171875,350.15629137444483
1330000,2659.999999950923,-105.48440551757812,59.925323486328125,-45.55908203125,282.64156009403393
1340000,2679.9999999504503,-97.28317260742188,67.4188003540039,-29.86437225341797,317.98501540123226
1350000,2699.9999999499773,-109.9576416015625,70.51933288574219,-39.43830871582031,332.60887224353615
1360000,2719.9999999495044,-117.78533935546875,62.527339935302734,-55.257999420166016,294.914134453959
1370000,2739.9999999490315,-129.60400390625,57.47871398925781,-72.12528991699219,271.1019724045223
1380000,2759.9999999485585,-121.56832885742188,64.37319946289062,-57.19512939453125,303.6202470994903
1390000,2779.9999999480856,-115.25439453125,67.59053802490234,-47.663856506347656,318.7950269356835
1400000,2799.9999999476127,-109.31982421875,39.598663330078125,-69.72116088867188,186.76958804911894
1410000,2819.9999999471397,-110.40972900390625,59.38630294799805,-51.0234260559082,280.0992357975102
1420000,2839.999999946667,-127.4144287109375,61.00239944458008,-66.41202926635742,287.7216566453619
1430000,2859.999999946194,-125.06964111328125,80.76891326904297,-44.30072784423828,380.95166325919536
1440000,2879.999999945721,-110.18515014648438,59.346988677978516,-50.83816146850586,279.9138075684108
1450000,2899.999999945248,-108.56265258789062,45.44304656982422,-63.119606018066406,214.33498946153068
1460000,2919.999999944775,-132.75521850585938,54.894569396972656,-77.86064910888672,258.9136917815788
1470000,2939.999999944302,-126.66061401367188,113.80231475830078,-12.858299255371094,536.7557805997809
1480000,2959.999999943829,-130.1175537109375,52.205936431884766,-77.91161727905273,246.23258517151496
1490000,2979.999999943356,-98.53900146484375,92.73100280761719,-5.8079986572265625,437.3716114959122
1500000,2999.9999999428833,-121.64898681640625,74.18994903564453,-47.45903778076172,349.9215643535996
1510000,3019.9999999424103,-101.5184326171875,65.83295440673828,-35.68547821044922,310.5052731732872
1520000,3039.9999999419374,-126.48464965820312,89.98524475097656,-36.49940490722656,424.4210707959237
1530000,3059.9999999414645,-116.08657836914062,84.01153564453125,-32.075042724609375,396.24569579308616
1540000,3079.9999999409915,-129.16671752929688,42.87738800048828,-86.2893295288086,202.2338993293901
1550000,3099.9999999405186,-117.22625732421875,53.66169738769531,-63.56455993652344,253.09877334934177
1560000,3119.9999999400457,-112.21051025390625,68.91329956054688,-43.297210693359375,325.0339149769345
1570000,3139.9999999395727,-130.9869384765625,64.09635925292969,-66.89057922363281,302.31451282409716
1580000,3159.9999999391,-118.76559448242188,70.5893783569336,-48.17621612548828,332.9392461172721
1590000,3179.999999938627,-133.8568115234375,59.16212463378906,-74.69468688964844,279.0418846681211
1600000,3199.999999938154,-102.30581665039062,61.35179138183594,-40.95402526855469,289.3695857091542
1610000,3219.999999937681,-102.21487426757812,45.25946807861328,-56.955406188964844,213.4691299527805
1620000,3239.999999937208,-108.35302734375,64.33381652832031,-44.01921081542969,303.4344950097152
1630000,3259.999999936735,-113.78237915039062,56.96160125732422,-56.820777893066406,268.6629776558074
1640000,3279.999999936262,-125.83642578125,69.1329345703125,-56.7034912109375,326.069837324948
1650000,3299.999999935789,-131.77438354492188,70.53768920898438,-61.2366943359375,332.69545099750724
1660000,3319.9999999353163,-79.54833984375,59.46300506591797,-20.08533477783203,280.4610061645296
1670000,3339.9999999348433,-131.22164916992188,62.667449951171875,-68.55419921875,295.57497216272975
1680000,3359.9999999343704,-96.95632934570312,73.77500915527344,-23.181320190429688,347.96447429032986
1690000,3379.9999999338975,-117.19747924804688,57.208473205566406,-59.98900604248047,269.8273647385162
1700000,3399.9999999334245,-104.43792724609375,52.116920471191406,-52.321006774902344,245.81273578998628
1710000,3419.9999999329516,-134.30123901367188,68.44633483886719,-65.85490417480469,322.83144647504093
1720000,3439.9999999324787,-103.38720703125,51.48013687133789,-51.90707015991211,242.80930586030127
1730000,3459.9999999320057,-114.46258544921875,67.17507934570312,-47.287506103515625,316.8354899250863
1740000,3479.999999931533,-130.45068359375,55.74045944213867,-74.71022415161133,262.9033854223362
1750000,3499.99999993106,-88.43673706054688,73.82986450195312,-14.60687255859375,348.2232029856966
1760000,3519.999999930587,-114.072021484375,54.2921257019043,-59.7798957824707,256.0722281742646
1770000,3539.999999930114,-133.10638427734375,68.91673278808594,-64.18965148925781,325.05010801071967
1780000,3559.999999929641,-123.47817993164062,71.40340423583984,-52.07477569580078,336.77865041224385
1790000,3579.999999929168,-121.99807739257812,76.38523864746094,-45.61283874511719,360.2757859855208
1800000,3599.999999928695,-101.40859985351562,47.808780670166016,-53.59981918334961,225.4931232518441
1810000,3619.999999928222,-101.73443603515625,56.83039855957031,-44.90403747558594,268.0441518735791
1820000,3639.9999999277493,-108.65069580078125,42.93404769897461,-65.71664810180664,202.5011383636239
1830000,3659.9999999272763,-125.18588256835938,77.15605926513672,-48.029823303222656,363.9114099464367
1840000,3679.9999999268034,-129.8773193359375,44.501197814941406,-85.3761215209961,209.89270052647913
1850000,3699.9999999263305,-121.08642578125,60.54948425292969,-60.53694152832031,285.585453636169
1860000,3719.9999999258575,-102.836669921875,92.133056640625,-10.70361328125,434.55136076285646
1870000,3739.9999999253846,-121.40744018554688,86.95539093017578,-34.452049255371094,410.13057454247615
1880000,3759.9999999249117,-126.32012939453125,88.65277099609375,-37.6673583984375,418.13637446132054
1890000,3779.9999999244387,-127.1002197265625,63.58121871948242,-63.51900100708008,299.8848200736788
1900000,3799.999999923966,-130.27706909179688,62.82490158081055,-67.45216751098633,296.3176026843752
1910000,3819.999999923493,-129.897216796875,46.65536117553711,-83.24185562133789,220.05294760591434
1920000,3839.99999992302,-97.77627563476562,79.02301025390625,-18.753265380859375,372.717001796188
1930000,3859.999999922547,-112.07858276367188,103.57685852050781,-8.501724243164062,488.5267726348518
1940000,3879.999999922074,-117.98846435546875,51.923580169677734,-66.06488418579102,244.90083408850708
1950000,3899.999999921601,-121.14407348632812,69.17135620117188,-51.97271728515625,326.25105536526326
1960000,3919.999999921128,-114.57546997070312,55.775901794433594,-58.79956817626953,263.07055150777796
1970000,3939.9999999206552,-125.073974609375,80.43315887451172,-44.64081573486328,379.36805652404956
1980000,3959.9999999201823,-127.17828369140625,56.884742736816406,-70.29354095458984,268.3004696061378
1990000,3979.9999999197094,-106.91006469726562,77.36134338378906,-29.548721313476562,364.8796454132284
2000000,3999.9999999192364,-96.46224975585938,67.59475708007812,-28.86749267578125,318.8149263749795
2010000,4019.9999999187635,-113.42706298828125,85.42510986328125,-28.001953125,402.91290757021335
2020000,4039.9999999182905,-114.2891845703125,69.56169128417969,-44.72749328613281,328.092095353073
2030000,4059.9999999178176,-127.16058349609375,57.75605773925781,-69.40452575683594,272.410081658204
2040000,4079.9999999173447,-114.32797241210938,64.23579406738281,-50.09217834472656,302.9721659028902
2050000,4099.999999917781,-111.41448974609375,60.72740936279297,-50.68708038330078,286.424648615953
2060000,4119.999999921855,-127.19024658203125,72.094482421875,-55.09576416015625,340.0381641751107
2070000,4139.99999992593,-102.69512939453125,50.22437286376953,-52.47075653076172,236.88641587723706
2080000,4159.999999930004,-93.39434814453125,86.73775482177734,-6.656593322753906,409.10408013857756
2090000,4179.999999934079,-105.05386352539062,58.3314323425293,-46.72243118286133,275.1238721902524
2100000,4199.999999938153,-115.46600341796875,61.391258239746094,-54.074745178222656,289.5557336286441
2110000,4219.999999942228,-121.37954711914062,50.281654357910156,-71.09789276123047,237.1565876498119
2120000,4239.9999999463025,-110.07534790039062,69.81889343261719,-40.25645446777344,329.30520547521525
2130000,4259.999999950377,-112.276123046875,62.52382278442383,-49.75230026245117,294.8975455904591
2140000,4279.999999954452,-128.23220825195312,56.12315368652344,-72.10905456542969,264.7083869138442
2150000,4299.999999958526,-115.36346435546875,63.49718475341797,-51.86627960205078,299.48846858339834
2160000,4319.999999962601,-113.52618408203125,76.93301391601562,-36.593170166015625,362.85940251819665
2170000,4339.999999966675,-127.94903564453125,65.04602813720703,-62.90300750732422,306.79368589165927
2180000,4359.99999997075,-99.78872680664062,73.14103698730469,-26.647689819335938,344.9743046560889
2190000,4379.999999974824,-129.15219116210938,95.2832260131836,-33.86896514892578,449.40933288917364
2200000,4399.999999978899,-123.6973876953125,55.771087646484375,-67.92630004882812,263.0478452759593
2210000,4419.999999982973,-124.32757568359375,76.35881042480469,-47.96876525878906,360.15113560989494
2220000,4439.999999987048,-112.33969116210938,47.03019714355469,-65.30949401855469,221.82088504231413
2230000,4459.999999991122,-131.02743530273438,66.31379699707031,-64.71363830566406,312.7731975161922
2240000,4479.999999995197,-109.25668334960938,54.398704528808594,-54.85797882080078,256.57491391973394
2250000,4499.9999999992715,-120.10775756835938,74.97720336914062,-45.13055419921875,353.63469896956695
2260000,4520.000000003346,-117.53240966796875,84.22245788574219,-33.30995178222656,397.24052381980493
2270000,4540.000000007421,-98.60946655273438,62.4044189453125,-36.205047607421875,294.33436986767236
2280000,4560.000000011495,-111.64215087890625,65.16783142089844,-46.47431945800781,307.3681787458359
2290000,4580.00000001557,-113.36029052734375,65.73017883300781,-47.63011169433594,310.0205257107997
2300000,4600.000000019644,-108.4595947265625,78.35977172851562,-30.099822998046875,369.58879554505876
2310000,4620.000000023719,-130.85256958007812,59.395755767822266,-71.45681381225586,280.14382061719857
2320000,4640.000000027793,-127.42672729492188,68.25591278076172,-59.170814514160156,321.933308852279
2330000,4660.000000031868,-111.271240234375,56.648136138916016,-54.623104095458984,267.1844996944466
2340000,4680.000000035942,-109.87106323242188,62.95292663574219,-46.91813659667969,296.92144091422233
2350000,4700.000000040017,-108.51690673828125,60.279876708984375,-48.237030029296875,284.3138326852832
2360000,4720.000000044091,-116.83013916015625,65.45059204101562,-51.379547119140625,308.70183700837845
2370000,4740.000000048166,-120.46334838867188,78.60488891601562,-41.85845947265625,370.74490618827735
2380000,4760.0000000522405,-97.58541870117188,52.405296325683594,-45.18012237548828,247.17287865889742
2390000,4780.000000056315,-113.90585327148438,77.34739685058594,-36.55845642089844,364.81386571154127
2400000,4800.0000000603895,-116.6595458984375,61.63391876220703,-55.02562713623047,290.7002572565764
2410000,4820.000000064464,-97.3271484375,70.357421875,-26.9697265625,331.8452087702298
2420000,4840.000000068539,-98.96258544921875,66.29519653320312,-32.667388916015625,312.6854672575964
2430000,4860.000000072613,-106.15567016601562,56.032981872558594,-50.12268829345703,264.28308587760785
2440000,4880.000000076688,-82.13833618164062,57.36912536621094,-24.769210815429688,270.58509076610125
2450000,4900.000000080762,-134.2340087890625,59.9863395690918,-74.2476692199707,282.9293462889151
2460000,4920.000000084837,-119.17098999023438,64.47290802001953,-54.698081970214844,304.0905287851298
2470000,4940.000000088911,-125.60467529296875,65.44023132324219,-60.16444396972656,308.6529700308669
2480000,4960.000000092986,-138.33834838867188,68.21150207519531,-70.12684631347656,321.7238429641386
2490000,4980.00000009706,-128.24508666992188,51.09834289550781,-77.14674377441406,241.00855054209703
2500000,5000.000000101135,-119.93630981445312,52.423316955566406,-67.51299285888672,247.25787409400954
2510000,5020.000000105209,-115.04638671875,32.79553985595703,-82.25084686279297,154.68222797543282
2520000,5040.000000109284,-122.66799926757812,55.447547912597656,-67.22045135498047,261.52184975656894
2530000,5060.0000001133585,-122.27294921875,78.87733459472656,-43.39561462402344,372.0299133804255
2540000,5080.000000117433,-126.93353271484375,55.252498626708984,-71.68103408813477,260.6018875227167
2550000,5100.000000121508,-130.76089477539062,58.96104431152344,-71.79985046386719,278.0934766715863
2560000,5120.000000125582,-120.83261108398438,65.16658020019531,-55.66603088378906,307.3622772846342
2570000,5140.000000129657,-107.52932739257812,70.12451934814453,-37.404808044433594,330.74670934276674
2580000,5160.000000133731,-114.59381103515625,51.15406799316406,-63.43974304199219,241.27138147268928
2590000,5180.000000137806,-109.50485229492188,74.03192138671875,-35.472930908203125,349.1762170007303
2600000,5200.00000014188,-115.72589111328125,53.46550750732422,-62.26038360595703,252.1734314298209
2610000,5220.000000145955,-101.0306396484375,59.99436950683594,-41.03627014160156,282.9672199957125
2620000,5240.000000150029,-109.94717407226562,65.68152618408203,-44.265647888183594,309.7910524298048
2630000,5260.000000154104,-104.19207763671875,84.27415466308594,-19.917922973632812,397.48435492408936
2640000,5280.000000158178,-114.66665649414062,64.88414001464844,-49.78251647949219,306.0301303719116
2650000,5300.000000162253,-120.24679565429688,89.06858825683594,-31.178207397460938,420.0976027443354
2660000,5320.0000001663275,-107.07986450195312,53.45833206176758,-53.62153244018555,252.13958798920999
2670000,5340.000000170402,-118.03778076171875,71.382568359375,-46.65521240234375,336.680376689428
2680000,5360.000000174477,-114.78524780273438,52.24224853515625,-62.542999267578125,246.40385349218224
2690000,5380.000000178551,-99.6607666015625,65.51492309570312,-34.145843505859375,309.00525847699214
2700000,5400.000000182626,-135.17367553710938,50.49775695800781,-84.67591857910156,238.17584916528648
2710000,5420.0000001867,-122.5224609375,56.208106994628906,-66.3143539428711,265.1090745387271
2720000,5440.000000190775,-106.39297485351562,75.93759155273438,-30.45538330078125,358.16443028705817
2730000,5460.000000194849,-114.16305541992188,63.34175491333008,-50.8213005065918,298.7553739594264
2740000,5480.000000198924,-123.23110961914062,48.555171966552734,-74.67593765258789,229.01352478124898
2750000,5500.000000202998,-116.21258544921875,96.5390625,-19.67352294921875,455.33256472517337
2760000,5520.000000207073,-106.15283203125,58.20041275024414,-47.95241928100586,274.50591003649265
2770000,5540.000000211147,-118.95697021484375,67.00924682617188,-51.947723388671875,316.0533304087454
2780000,5560.000000215222,-121.13247680664062,81.06321716308594,-40.06925964355469,382.3397660997755
2790000,5580.000000219296,-110.31509399414062,75.867431640625,-34.447662353515625,357.8335166455293
2800000,5600.000000223371,-94.3104248046875,74.36038970947266,-19.950035095214844,350.72545851973206
2810000,5620.0000002274455,-121.30810546875,47.25982666015625,-74.04827880859375,222.90394711090207
2820000,5640.00000023152,-137.300048828125,59.876888275146484,-77.42316055297852,282.4131123718454
2830000,5660.000000235595,-119.69509887695312,80.02307891845703,-39.672019958496094,377.43388859971566
2840000,5680.000000239669,-114.71453857421875,72.86800384521484,-41.846534729003906,343.68652665593754
2850000,5700.000000243744,-130.09982299804688,82.78752136230469,-47.31230163574219,390.47255538801477
2860000,5720.000000247818,-111.46932983398438,59.21833419799805,-52.25099563598633,279.30700061570303
2870000,5740.000000251893,-125.5205078125,79.05227661132812,-46.468231201171875,372.8550384130763
2880000,5760.000000255967,-108.6844482421875,77.75382995605469,-30.930618286132812,366.7308330355434
2890000,5780.000000260042,-117.08200073242188,44.593353271484375,-72.4886474609375,210.32735753779127
2900000,5800.000000264116,-115.8619384765625,66.9202880859375,-48.941650390625,315.6337509111131
2910000,5820.000000268191,-124.57049560546875,44.54425048828125,-80.0262451171875,210.09576117014453
2920000,5840.000000272265,-105.51861572265625,61.57951354980469,-43.93910217285156,290.4436516478615
2930000,5860.00000027634,-115.19775390625,81.90379333496094,-33.29396057128906,386.3043965226856
2940000,5880.0000002804145,-124.9208984375,78.92047882080078,-46.00041961669922,372.2334058383252
2950000,5900.000000284489,-107.51150512695312,55.35469436645508,-52.15681076049805,261.0839001617205
2960000,5920.000000288564,-130.81948852539062,80.73812103271484,-50.08136749267578,380.80642973840264
2970000,5940.000000292638,-102.88580322265625,60.52665710449219,-42.35914611816406,285.47778795375774
2980000,5960.000000296713,-107.0001220703125,48.15657424926758,-58.84354782104492,227.1335135587964
2990000,5980.000000300787,-104.88201904296875,53.35615539550781,-51.52586364746094,251.657665311505
3000000,6000.000000304862,-116.74111938476562,73.31841278076172,-43.422706604003906,345.8109087504673
3010000,6020.000000308936,-122.18820190429688,61.574607849121094,-60.61359405517578,290.4205136018085
3020000,6040.000000313011,-107.47711181640625,41.845458984375,-65.63165283203125,197.3667411723365
3030000,6060.000000317085,-119.08908081054688,59.994842529296875,-59.09423828125,282.96945103592293
3040000,6080.00000032116,-122.62384033203125,46.92118453979492,-75.70265579223633,221.30672023511698
3050000,6100.000000325234,-119.65829467773438,48.93938446044922,-70.71891021728516,230.82568719214188
3060000,6120.000000329309,-116.04452514648438,43.133460998535156,-72.91106414794922,203.44168374264302
3070000,6140.0000003333835,-109.55868530273438,81.269287109375,-28.289398193359375,383.311707972078
3080000,6160.000000337458,-121.21258544921875,60.25395965576172,-60.95862579345703,284.1915932724653
3090000,6180.0000003415325,-118.56600952148438,50.565338134765625,-68.00067138671875,238.49460003921672
3100000,6200.000000345607,-133.4403076171875,49.73826599121094,-83.70204162597656,234.5936622158615
3110000,6220.000000349682,-115.28472900390625,74.9499740600586,-40.334754943847656,353.5062702193912
3120000,6240.000000353756,-106.51483154296875,59.654541015625,-46.86029052734375,281.3643975271417
3130000,6260.000000357831,-122.87994384765625,53.688392639160156,-69.1915512084961,253.224683183151
3140000,6280.000000361905,-106.40631103515625,56.09022521972656,-50.31608581542969,264.55307772758505
3150000,6300.00000036598,-118.68051147460938,70.40528106689453,-48.275230407714844,332.07093966119436
3160000,6320.000000370054,-96.36553955078125,70.50467681884766,-25.860862731933594,332.53974598153343
3170000,6340.000000374129,-110.60470581054688,66.51224517822266,-44.09246063232422,313.70919085349175
3180000,6360.000000378203,-136.24957275390625,45.4691162109375,-90.78045654296875,214.45794856473904
3190000,6380.000000382278,-122.55825805664062,59.550987243652344,-63.00727081298828,280.8759796436629
3200000,6400.000000386352,-96.5172119140625,59.801673889160156,-36.715538024902344,282.058358986133
3210000,6420.000000390427,-110.35504150390625,65.40191650390625,-44.953125,308.472255773825
3220000,6440.0000003945015,-106.58837890625,47.07301330566406,-59.51536560058594,222.02283016587432
3230000,6460.000000398576,-122.02926635742188,60.82359313964844,-61.20567321777344,286.8783054535731
3240000,6480.000000402651,-108.95870971679688,90.70945739746094,-18.249252319335938,427.8368653270767
3250000,6500.000000406725,-106.51397705078125,83.77336883544922,-22.74060821533203,395.1223670471525
3260000,6520.0000004108,-89.7880859375,62.37773895263672,-27.41034698486328,294.2085320029022
3270000,6540.000000414874,-126.03521728515625,74.36119079589844,-51.67402648925781,350.72923689428194
3280000,6560.000000418949,-109.46209716796875,63.87649154663086,-45.58560562133789,301.27749294823826
3290000,6580.000000423023,-113.73611450195312,50.38739776611328,-63.348716735839844,237.65533309039364
3300000,6600.000000427098,-99.77688598632812,63.017478942871094,-36.75940704345703,297.22590593390214
3310000,6620.000000431172,-96.97567749023438,67.67449951171875,-29.301177978515625,319.19103657302855
3320000,6640.000000435247,-118.41238403320312,107.13816833496094,-11.274215698242188,505.3239145337165
3330000,6660.000000439321,-107.77197265625,62.435237884521484,-45.336734771728516,294.47972933428343
3340000,6680.000000443396,-118.28756713867188,66.76228332519531,-51.52528381347656,314.88851151180234
3350000,6700.0000004474705,-124.08358764648438,85.435302734375,-38.648284912109375,402.9609828882954
3360000,6720.000000451545,-123.79696655273438,91.4022445678711,-32.39472198486328,431.1044396223165
3370000,6740.00000045562,-126.8470458984375,69.41590881347656,-57.43113708496094,327.40450315403723
3380000,6760.000000459694,-101.34320068359375,58.93316650390625,-42.4100341796875,277.9619892372511
3390000,6780.000000463769,-94.73275756835938,63.42411804199219,-31.308639526367188,299.1438448399314
3400000,6800.000000467843,-127.15423583984375,71.75088500976562,-55.403350830078125,338.4175653538957
3410000,6820.000000471918,-87.77926635742188,86.4235610961914,-1.3557052612304688,407.6221656556023
3420000,6840.000000475992,-113.456787109375,61.28026580810547,-52.17652130126953,289.0322308386308
3430000,6860.000000480067,-130.62704467773438,66.04727935791016,-64.57976531982422,311.516150295713
3440000,6880.000000484141,-118.14300537109375,68.58317565917969,-49.55982971191406,323.4768648171963
3450000,6900.000000488216,-130.966552734375,89.72411346435547,-41.24243927001953,423.1894286462273
3460000,6920.00000049229,-91.24090576171875,53.42572021484375,-37.815185546875,251.9857721605111
3470000,6940.000000496365,-110.09317016601562,42.5732421875,-67.51992797851562,200.799376458626
3480000,6960.0000005004395,-104.91485595703125,61.069915771484375,-43.844940185546875,288.04010165087624
3490000,6980.000000504514,-114.15768432617188,58.36595916748047,-55.791725158691406,275.2867201333515
3500000,7000.0000005085885,-116.182373046875,69.6689682006836,-46.513404846191406,328.5980736820788
3510000,7020.000000512663,-102.93426513671875,79.12995910644531,-23.804306030273438,373.2214327908543
3520000,7040.000000516738,-142.96429443359375,62.025787353515625,-80.93850708007812,292.54853013281013
3530000,7060.000000520812,-67.92251586914062,84.7354507446289,16.81293487548828,399.6600869279778
3540000,7080.000000524887,-91.25686645507812,69.25929260253906,-21.997573852539062,326.66581293727955
3550000,7100.000000528961,-90.92510986328125,52.55035400390625,-38.374755859375,247.85705232857856
3560000,7120.000000533036,-122.34463500976562,63.935523986816406,-58.40911102294922,301.55592316804353
3570000,7140.00000053711,-115.29653930664062,66.4281234741211,-48.86841583251953,313.31242554123673
3580000,7160.000000541185,-92.9156494140625,74.8140869140625,-18.1015625,352.86534994217607
3590000,7180.000000545259,-125.6475830078125,50.933563232421875,-74.71401977539062,240.23135688945024
3600000,7200.000000549334,-106.8408203125,41.24101638793945,-65.59980392456055,194.51584962090735
3610000,7220.000000553408,-131.28646850585938,52.40038299560547,-78.8860855102539,247.1497046283249
3620000,7240.000000557483,-128.64031982421875,80.90351867675781,-47.73680114746094,381.58653813713073
3630000,7260.0000005615575,-108.73184204101562,62.09099578857422,-46.640846252441406,292.8560898211689
3640000,7280.000000565632,-113.14849853515625,57.477725982666016,-55.670772552490234,271.0973124092442
3650000,7300.000000569707,-112.10174560546875,53.86962127685547,-58.23212432861328,254.07945945988826
3660000,7320.000000573781,-113.32754516601562,83.44339752197266,-29.88414764404297,393.5660365778048
3670000,7340.000000577856,-122.09716796875,72.6800537109375,-49.4171142578125,342.8000480175009
3680000,7360.00000058193,-116.19085693359375,78.9654312133789,-37.225425720214844,372.44542662735176
3690000,7380.000000586005,-128.20797729492188,69.88912963867188,-58.31884765625,329.63647896193925
3700000,7400.000000590079,-109.6658935546875,72.54740142822266,-37.118492126464844,342.1743851765634
3710000,7420.000000594154,-122.1025390625,83.5562515258789,-38.546287536621094,394.0983195905815
3720000,7440.000000598228,-103.57223510742188,57.443702697753906,-46.12853240966797,270.93683944443364
3730000,7460.000000602303,-114.07992553710938,73.77021789550781,-40.30970764160156,347.9418760120697
3740000,7480.000000606377,-113.84988403320312,83.48980712890625,-30.360076904296875,393.78493041006016
3750000,7500.000000610452,-127.821533203125,69.08605194091797,-58.73548126220703,325.8487124524823
3760000,7520.0000006145265,-124.39035034179688,58.72504425048828,-65.6653060913086,276.980367529197
3770000,7540.000000618601,-106.87667846679688,63.55799102783203,-43.318687438964844,299.77526520399255
3780000,7560.0000006226755,-124.26119995117188,54.4754638671875,-69.78573608398438,256.93695417064976
3790000,7580.00000062675,-114.07861328125,63.57804489135742,-50.50056838989258,299.8698505135575
3800000,7600.000000630825,-117.70916748046875,73.81729888916016,-43.891868591308594,348.163936482043
3810000,7620.000000634899,-107.38961791992188,51.57884216308594,-55.81077575683594,243.2748555816235
3820000,7640.000000638974,-105.85675048828125,55.573150634765625,-50.283599853515625,262.1142629014678
3830000,7660.000000643048,-108.17800903320312,67.3365249633789,-40.84148406982422,317.59695834270167
3840000,7680.000000647123,-114.93658447265625,61.571083068847656,-53.365501403808594,290.40388875378915
3850000,7700.000000651197,-132.45556640625,41.812068939208984,-90.64349746704102,197.20925492264632
3860000,7720.000000655272,-110.93124389648438,61.53343200683594,-49.39781188964844,290.2263051499457
3870000,7740.000000659346,-114.50506591796875,76.93836212158203,-37.56670379638672,362.8846276663819
3880000,7760.000000663421,-101.333740234375,64.87568664550781,-36.45805358886719,305.99025952428065
3890000,7780.000000667495,-123.11993408203125,46.24488067626953,-76.87505340576172,218.1168904943055
3900000,7800.00000067157,-133.09738159179688,58.25498962402344,-74.84239196777344,274.7633252968968
3910000,7820.0000006756445,-104.478271484375,54.58434295654297,-49.89392852783203,257.4504892487552
3920000,7840.000000679719,-115.2593994140625,74.37272644042969,-40.88667297363281,350.78364548779996
3930000,7860.000000683794,-118.63961791992188,57.29095458984375,-61.348663330078125,270.21639337907385
3940000,7880.000000687868,-117.3153076171875,74.59968566894531,-42.71562194824219,351.854112974555
3950000,7900.000000691943,-110.93521118164062,55.3354377746582,-55.59977340698242,260.9930752344457
3960000,7920.000000696017,-107.62237548828125,51.014320373535156,-56.608055114746094,240.61225302859583
3970000,7940.000000700092,-107.71124267578125,61.220218658447266,-46.491024017333984,288.74901467772906
3980000,7960.000000704166,-133.22918701171875,83.42878723144531,-49.80039978027344,393.49712622291923
3990000,7980.000000708241,-127.86172485351562,54.98054885864258,-72.88117599487305,259.3192193243375
4000000,8000.000000712315,-105.87197875976562,51.319358825683594,-54.55261993408203,242.05098608814407
4010000,8020.00000071639,-82.44558715820312,66.41606140136719,-16.029525756835938,313.2555340158717
4020000,8040.000000720464,-122.0728759765625,83.61477661132812,-38.458099365234375,394.3743568398385
4030000,8060.000000724539,-120.15985107421875,76.0015869140625,-44.15826416015625,358.46626843681287
4040000,8080.0000007286135,-89.91592407226562,47.31739807128906,-42.59852600097656,223.17548629521878
4050000,8100.000000732688,-116.91024780273438,85.56214141845703,-31.348106384277344,403.55922552535685
4060000,8120.000000736763,-136.8861083984375,62.643310546875,-74.2427978515625,295.4611171429606
4070000,8140.000000740837,-109.68988037109375,66.64511108398438,-43.044769287109375,314.3358612609759
4080000,8160.000000744912,-133.7427978515625,43.228763580322266,-90.51403427124023,203.89118436825822
4090000,8180.000000748986,-109.31158447265625,64.24121856689453,-45.07036590576172,302.99775089627076
4100000,8200.00000075306,-102.7938232421875,62.631492614746094,-40.162330627441406,295.4053771222203
4110000,8220.000000757134,-115.935302734375,49.8975944519043,-66.0377082824707,235.34514492930944
4120000,8240.000000761209,-103.768798828125,79.28397369384766,-24.484825134277344,373.9478522864548
4130000,8260.000000765283,-104.07901000976562,60.14720916748047,-43.931800842285156,283.6880978753066
4140000,8280.000000769358,-84.04373168945312,63.940425872802734,-20.10330581665039,301.57904322183674
4150000,8300.000000773432,-134.93359375,61.354576110839844,-73.57901763916016,289.3827200587799
4160000,8320.000000777507,-98.19149780273438,55.186134338378906,-43.00536346435547,260.28887617965034
4170000,8340.000000781582,-133.6761474609375,48.95631408691406,-84.71983337402344,230.9055368409623
4180000,8360.000000785656,-109.47079467773438,51.675315856933594,-57.79547882080078,243.72987983098542
4190000,8380.00000078973,-136.0267333984375,76.68783569335938,-59.338897705078125,361.7030039988219
4200000,8400.000000793805,-118.60302734375,55.67620849609375,-62.92681884765625,262.6003417911776
4210000,8420.00000079788,-104.02206420898438,73.30319213867188,-30.7188720703125,345.7391196340199
4220000,8440.000000801954,-119.52142333984375,54.11225509643555,-65.4091682434082,255.2238571420023
4230000,8460.000000806029,-120.48623657226562,65.249755859375,-55.236480712890625,307.7545805164684
4240000,8480.000000810103,-108.29364013671875,66.72378540039062,-41.569854736328125,314.7069336262918
4250000,8500.000000814178,-108.88949584960938,71.59184265136719,-37.29765319824219,337.66743205992987
4260000,8520.000000818252,-131.74227905273438,56.42302703857422,-75.31925201416016,266.12275845367566
4270000,8540.000000822327,-89.67977905273438,49.1137809753418,-40.56599807739258,231.64823933164678
4280000,8560.000000826401,-116.84347534179688,52.46467590332031,-64.37879943847656,247.45294617434095
4290000,8580.000000830476,-98.6575927734375,71.04145050048828,-27.61614227294922,335.07147283705785
4300000,8600.00000083455,-119.05459594726562,57.90603256225586,-61.148563385009766,273.1174473507174
4310000,8620.000000838625,-103.67559814453125,76.84327697753906,-26.832321166992188,362.4361525995731
4320000,8640.0000008427,-94.2017822265625,44.76082992553711,-49.44095230102539,211.11727171808926
4330000,8660.000000846774,-79.41616821289062,56.24192428588867,-23.174243927001953,265.26857592151055
4340000,8680.000000850849,-92.79800415039062,71.6938705444336,-21.10413360595703,338.14865303950415
4350000,8700.000000854923,-124.23919677734375,72.2455062866211,-51.993690490722656,340.75047773905834
4360000,8720.000000858998,-117.8773193359375,51.500396728515625,-66.37692260742188,242.90486275189326
4370000,8740.000000863072,-107.331787109375,74.04585266113281,-33.28593444824219,349.2419247333783
4380000,8760.000000867147,-110.75439453125,84.52074432373047,-26.23365020751953,398.6474105795758
4390000,8780.000000871221,-111.84381103515625,49.85137176513672,-61.99243927001953,235.12713271778244
4400000,8800.000000875296,-119.63400268554688,57.11243438720703,-62.521568298339844,269.37439160676706
4410000,8820.00000087937,-108.59707641601562,63.802764892578125,-44.7943115234375,300.9297565438327
4420000,8840.000000883445,-107.84555053710938,72.92125701904297,-34.924293518066406,343.93769860220453
4430000,8860.00000088752,-95.31549072265625,75.35276794433594,-19.962722778320312,355.4060729275811
4440000,8880.000000891594,-109.6497802734375,56.729400634765625,-52.920379638671875,267.5677888041404
4450000,8900.000000895669,-91.5181884765625,59.31051254272461,-32.20767593383789,279.7417655805737
4460000,8920.000000899743,-133.95562744140625,57.71160888671875,-76.2440185546875,272.20043584746594
4470000,8940.000000903818,-90.32217407226562,72.69638061523438,-17.62579345703125,342.87705488927907
4480000,8960.000000907892,-112.278564453125,68.79891967773438,-43.479644775390625,324.49443506025335
4490000,8980.000000911967,-109.89715576171875,72.57119750976562,-37.325958251953125,342.28662089295403
4500000,9000.000000916041,-76.87002563476562,83.86092376708984,6.990898132324219,395.53532539319264
4510000,9020.000000920116,-103.36541748046875,56.685585021972656,-46.679832458496094,267.3611297085227
4520000,9040.00000092419,-117.66094970703125,50.160884857177734,-67.50006484985352,236.58697069803065
4530000,9060.000000928265,-99.84371948242188,70.8126220703125,-29.031097412109375,333.99218914301974
4540000,9080.00000093234,-128.20700073242188,66.48155975341797,-61.725440979003906,313.5644611159722
4550000,9100.000000936414,-124.37310791015625,69.31634521484375,-55.0567626953125,326.9349051742687
4560000,9120.000000940488,-113.87445068359375,73.81298065185547,-40.06147003173828,348.1435692439933
4570000,9140.000000944563,-113.18148803710938,64.54212188720703,-48.639366149902344,304.41698034623784
4580000,9160.000000948638,-112.22952270507812,62.015071868896484,-50.21445083618164,292.49798987514083
4590000,9180.000000952712,-98.49240112304688,82.11711120605469,-16.375289916992188,387.31052368853443
4600000,9200.000000956787,-132.15890502929688,60.17959976196289,-71.97930526733398,283.8408701529393
4610000,9220.000000960861,-101.5916748046875,61.69590759277344,-39.89576721191406,290.99263147769665
4620000,9240.000000964936,-105.73687744140625,68.8858413696289,-36.851036071777344,324.9044066911731
4630000,9260.00000096901,-104.2998046875,66.48858642578125,-37.81121826171875,313.59760285845243
4640000,9280.000000973085,-107.76235961914062,61.62104415893555,-46.14131546020508,290.6395333798822
4650000,9300.00000097716,-116.27932739257812,64.1851806640625,-52.094146728515625,302.73344460037805
4660000,9320.000000981234,-132.99655151367188,86.21866607666016,-46.77788543701172,406.6557653993063
4670000,9340.000000985308,-110.70071411132812,53.11214828491211,-57.588565826416016,250.506790415877
4680000,9360.000000989383,-129.62677001953125,42.894676208496094,-86.73209381103516,202.3154402506281
4690000,9380.000000993457,-101.92959594726562,52.075443267822266,-49.85415267944336,245.61710594960226
4700000,9400.000000997532,-113.7432861328125,87.64583587646484,-26.097450256347656,413.3871015902226
4710000,9420.000001001607,-104.16168212890625,59.65524673461914,-44.50643539428711,281.3677260951975
4720000,9440.000001005681,-134.06732177734375,55.15731430053711,-78.91000747680664,260.1529446571541
4730000,9460.000001009756,-106.94073486328125,50.62675476074219,-56.31398010253906,238.78427542137277
4740000,9480.00000101383,-118.25091552734375,71.39002990722656,-46.86088562011719,336.7155695495209
4750000,9500.000001017905,-115.53265380859375,64.12236785888672,-51.41028594970703,302.43718405114936
4760000,9520.00000102198,-87.69973754882812,51.496002197265625,-36.2037353515625,242.8841356686483
4770000,9540.000001026054,-112.56814575195312,72.05934143066406,-40.50880432128906,339.87241947819007
4780000,9560.000001030128,-127.4400634765625,68.80457305908203,-58.63549041748047,324.5210995892195
4790000,9580.000001034203,-105.91717529296875,62.95800018310547,-42.95917510986328,296.9453706197048
4800000,9600.000001038277,-98.66204833984375,60.36056137084961,-38.30148696899414,284.6943869714933
4810000,9620.000001042352,-70.88912963867188,77.97161865234375,7.082489013671875,367.75804712983245
4820000,9640.000001046426,-107.7139892578125,47.97475814819336,-59.73923110961914,226.27596647405593
4830000,9660.000001050501,-110.87356567382812,53.626068115234375,-57.24749755859375,252.93072564317177
4840000,9680.000001054575,-125.4146728515625,54.871376037597656,-70.54329681396484,258.8042988422304
4850000,9700.00000105865,-119.51821899414062,64.74041748046875,-54.777801513671875,305.35225399314686
4860000,9720.000001062725,-119.70413208007812,66.12576293945312,-53.578369140625,311.8863230480409
4870000,9740.000001066799,-131.88345336914062,61.87739562988281,-70.00605773925781,291.8486312280977
4880000,9760.000001070874,-100.46929931640625,59.802799224853516,-40.666500091552734,282.06366670276253
4890000,9780.000001074948,-110.81402587890625,56.85503005981445,-53.9589958190918,268.1603278948575
4900000,9800.000001079023,-105.38540649414062,62.26263427734375,-43.122772216796875,293.6656335568664
4910000,9820.000001083097,-109.0025634765625,90.99586486816406,-18.006698608398438,429.187724189951
4920000,9840.000001087172,-119.8206787109375,49.789512634277344,-70.03116607666016,234.83537023349407
4930000,9860.000001091246,-114.48809814453125,51.031707763671875,-63.456390380859375,240.69426174858756
4940000,9880.00000109532,-114.96316528320312,92.96199035644531,-22.001174926757812,438.4610788089751
4950000,9900.000001099395,-109.22323608398438,76.28912353515625,-32.934112548828125,359.8224530085765
4960000,9920.00000110347,-118.0615234375,60.35002517700195,-57.71149826049805,284.64469235003276
4970000,9940.000001107544,-127.5169677734375,32.0559196472168,-95.4610481262207,151.19376270710416
4980000,9960.000001111619,-100.07046508789062,51.47856903076172,-48.591896057128906,242.80191104153943
4990000,9980.000001115694,-120.75628662109375,42.370506286621094,-78.38578033447266,199.84315982135485
5000000,10000.000001119768,-101.69064331054688,57.31463623046875,-44.376007080078125,270.32808932767165
5010000,10020.000001123843,-116.69281005859375,77.87834930419922,-38.81446075439453,367.31813637867
5020000,10040.000001127917,-109.57333374023438,64.5376205444336,-45.03571319580078,304.39574947971954
5030000,10060.000001131992,-119.69598388671875,76.11934661865234,-43.576637268066406,359.0216894956425
5040000,10080.000001136066,-109.35821533203125,63.550132751464844,-45.808082580566406,299.7382011488844
5050000,10100.00000114014,-104.82589721679688,40.04454803466797,-64.7813491821289,188.8726313235719
5060000,10120.000001144215,-121.07095336914062,54.68360137939453,-66.3873519897461,257.9186478477429
5070000,10140.00000114829,-121.78546142578125,72.91524505615234,-48.870216369628906,343.9093428008208
5080000,10160.000001152364,-101.175537109375,52.12371063232422,-49.05182647705078,245.84476201236131
5090000,10180.000001156439,-128.93212890625,89.77574920654297,-39.15637969970703,423.4329718743556
5100000,10200.000001160513,-109.08993530273438,71.6001968383789,-37.48973846435547,337.706835108807
5110000,10220.000001164588,-132.6904296875,56.15357208251953,-76.53685760498047,264.8518571931803
5120000,10240.000001168662,-123.13388061523438,66.6998291015625,-56.434051513671875,314.59394223499123
5130000,10260.000001172737,-96.38534545898438,55.00627899169922,-41.379066467285156,259.4405771164271
5140000,10280.000001176812,-111.00076293945312,57.77408218383789,-53.226680755615234,272.4950950855758
5150000,10300.000001180886,-127.12152099609375,73.91419982910156,-53.20732116699219,348.6209758644982
5160000,10320.00000118496,-120.12225341796875,60.73109436035156,-59.39115905761719,286.4420291388824
5170000,10340.000001189035,-92.33740234375,67.50116729736328,-24.83623504638672,318.37350427399707
5180000,10360.00000119311,-116.8179931640625,62.334861755371094,-54.483131408691406,294.0062990031858
5190000,10380.000001197184,-134.31463623046875,40.12083435058594,-94.19380187988281,189.2324405342773
5200000,10400.000001201259,-97.23812866210938,72.37443542480469,-24.863693237304688,341.358580134469
5210000,10420.000001205333,-112.22036743164062,67.35111999511719,-44.86924743652344,317.66579672854823
5220000,10440.000001209408,-97.14633178710938,74.62934112548828,-22.516990661621094,351.99398480193895
5230000,10460.000001213482,-113.82843017578125,63.54597473144531,-50.28245544433594,299.71858958574467
5240000,10480.000001217557,-108.13531494140625,77.55078125,-30.58453369140625,365.77314103297186
5250000,10500.000001221631,-124.0667724609375,55.47172546386719,-68.59504699707031,261.63588469893574
5260000,10520.000001225706,-102.57559204101562,54.02134323120117,-48.55424880981445,254.79506560737224
5270000,10540.00000122978,-94.56011962890625,81.0849838256836,-13.475135803222656,382.4424299339732
5280000,10560.000001233855,-98.41448974609375,69.66888427734375,-28.74560546875,328.597677852364
5290000,10580.00000123793,-123.19879150390625,59.10377883911133,-64.09501266479492,278.7666930550728
5300000,10600.000001242004,-108.51272583007812,58.47599411010742,-50.0367317199707,275.80570686616454
5310000,10620.000001246079,-109.76815795898438,70.54525756835938,-39.222900390625,332.73114764087353
5320000,10640.000001250153,-109.0487060546875,50.60265350341797,-58.44605255126953,238.67060032420122
5330000,10660.000001254228,-116.2969970703125,83.05757141113281,-33.23942565917969,391.74626344103285
5340000,10680.000001258302,-114.29541015625,39.218017578125,-75.077392578125,184.97424840110278
5350000,10700.000001262377,-122.33151245117188,58.16315460205078,-64.1683578491211,274.3301796354046
5360000,10720.000001266451,-113.02740478515625,47.70980453491211,-65.31760025024414,225.02629608007885
5370000,10740.000001270526,-96.56680297851562,65.97327423095703,-30.593528747558594,311.1671004563448
5380000,10760.0000012746,-125.77041625976562,68.42005920410156,-57.35035705566406,322.7075157898054
5390000,10780.000001278675,-113.00177001953125,98.6387939453125,-14.36297607421875,465.23608025007536
5400000,10800.00000128275,-106.63677978515625,45.99322509765625,-60.6435546875,216.9299411178561
5410000,10820.000001286824,-125.70028686523438,68.6527328491211,-57.04755401611328,323.8049356816829
5420000,10840.000001290899,-112.974609375,75.21475982666016,-37.759849548339844,354.7551489539387
5430000,10860.000001294973,-134.94085693359375,72.21420288085938,-62.726654052734375,340.6028332554576
5440000,10880.000001299048,-112.82595825195312,53.02626419067383,-59.7996940612793,250.1017126796123
5450000,10900.000001303122,-120.7633056640625,77.02757263183594,-43.73573303222656,363.30539465315843
5460000,10920.000001307197,-104.94976806640625,81.32878112792969,-23.620986938476562,383.5923152553144
5470000,10940.000001311271,-107.164794921875,70.96614837646484,-36.198646545410156,334.7163056293708
5480000,10960.000001315346,-110.4931640625,77.33213806152344,-33.16102600097656,364.7418966724963
5490000,10980.00000131942,-106.29751586914062,57.448944091796875,-48.84857177734375,270.9615608093456
5500000,11000.000001323495,-129.104248046875,63.38245391845703,-65.72179412841797,298.94733337881905
5510000,11020.00000132757,-108.15145874023438,49.354366302490234,-58.79709243774414,232.78297517026903
5520000,11040.000001331644,-108.3687744140625,53.582481384277344,-54.786293029785156,252.72514608313972
5530000,11060.000001335718,-111.39883422851562,64.80228424072266,-46.59654998779297,305.64405246195474
5540000,11080.000001339793,-120.7584228515625,100.39639282226562,-20.362030029296875,473.52590598151073
5550000,11100.000001343868,-117.06558227539062,52.204227447509766,-64.86135482788086,246.22452463914192
5560000,11120.000001347942,-87.24404907226562,76.36775207519531,-10.876296997070312,360.1933094667753
5570000,11140.000001352017,-100.90570068359375,73.5188217163086,-27.386878967285156,346.75615010928414
5580000,11160.000001356091,-102.59988403320312,53.36246109008789,-49.237422943115234,251.68740651689038
5590000,11180.000001360166,-108.45367431640625,72.52842712402344,-35.92524719238281,342.08489167651095
5600000,11200.00000136424,-129.32522583007812,43.103431701660156,-86.22179412841797,203.3000486738025
5610000,11220.000001368315,-100.29141235351562,66.52705383300781,-33.76435852050781,313.77903680588486
5620000,11240.00000137239,-119.5098876953125,54.68854522705078,-64.82134246826172,257.94196581639346
5630000,11260.000001376464,-128.90728759765625,52.58439636230469,-76.32289123535156,248.0176152546879
5640000,11280.000001380538,-111.493408203125,50.08660888671875,-61.40679931640625,236.23664340821944
5650000,11300.000001384613,-126.17343139648438,71.03475952148438,-55.138671875,335.03991441343663
5660000,11320.000001388687,-126.86083984375,80.8883056640625,-45.9725341796875,381.51478500520284
5670000,11340.000001392762,-120.53494262695312,54.415252685546875,-66.11968994140625,256.6529643425783
5680000,11360.000001396837,-107.48434448242188,72.74238586425781,-34.74195861816406,343.0940415419997
5690000,11380.000001400911,-123.3209228515625,46.98906707763672,-76.33185577392578,221.62689249756838
5700000,11400.000001404986,-95.24642944335938,63.28730010986328,-31.959129333496094,298.49853445133454
5710000,11420.00000140906,-104.16018676757812,61.457855224609375,-42.70233154296875,289.8698424995559
5720000,11440.000001413135,-104.00405883789062,45.527305603027344,-58.47675323486328,214.73240249513708
5730000,11460.00000141721,-141.5335693359375,53.81413269042969,-87.71943664550781,253.81774404940117
5740000,11480.000001421284,-96.7061767578125,66.28870391845703,-30.41747283935547,312.65484443148273
5750000,11500.000001425358,-116.84646606445312,66.46025848388672,-50.386207580566406,313.46399233746547
5760000,11520.000001429433,-111.97848510742188,48.12945556640625,-63.849029541015625,227.00560658415372
5770000,11540.000001433507,-111.25067138671875,40.72105407714844,-70.52961730957031,192.06341465415076
5780000,11560.000001437582,-121.81207275390625,66.60012817382812,-55.211944580078125,314.1236965338713
5790000,11580.000001441656,-134.5633544921875,70.95011901855469,-63.61323547363281,334.64070215385414
5800000,11600.000001445731,-129.97396850585938,94.78631591796875,-35.187652587890625,447.06562514815425
5810000,11620.000001449805,-108.70343017578125,61.61216354370117,-47.09126663208008,290.597647399158
5820000,11640.00000145388,-109.19302368164062,62.45909118652344,-46.73393249511719,294.5922349345705
5830000,11660.000001457955,-109.30889892578125,76.16757202148438,-33.141326904296875,359.2491476435442
5840000,11680.00000146203,-115.40499877929688,55.755062103271484,-59.64993667602539,262.9722597927023
5850000,11700.000001466104,-116.83029174804688,60.3372802734375,-56.493011474609375,284.58458021017043
5860000,11720.000001470178,-112.36276245117188,82.39109802246094,-29.971664428710938,388.60279975362613
5870000,11740.000001474253,-114.91043090820312,49.23359298706055,-65.67683792114258,232.21334022622798
5880000,11760.000001478327,-129.94436645507812,76.16796875,-53.776397705078125,359.25101883855933
5890000,11780.000001482402,-126.41348266601562,67.1209487915039,-59.29253387451172,316.5801797590742
5900000,11800.000001486476,-115.94757080078125,54.692047119140625,-61.255523681640625,257.95848271085424
5910000,11820.00000149055,-114.88873291015625,33.627288818359375,-81.26144409179688,158.6052243092553
5920000,11840.000001494625,-96.8035888671875,52.5048942565918,-44.2986946105957,247.6426385690038
5930000,11860.0000014987,-84.56234741210938,60.83198928833008,-23.730358123779297,286.91790641730756
5940000,11880.000001502774,-110.93353271484375,64.39593505859375,-46.53759765625,303.7274809676673
5950000,11900.000001506849,-119.3934326171875,61.850242614746094,-57.543190002441406,291.7205623231171
5960000,11920.000001510924,-121.501953125,61.004966735839844,-60.496986389160156,287.7337654361812
5970000,11940.000001514998,-105.18569946289062,70.78932189941406,-34.39637756347656,333.8822924203981
5980000,11960.000001519073,-110.24169921875,42.901817321777344,-67.33988189697266,202.34912176090114
5990000,11980.000001523147,-129.25143432617188,85.42255401611328,-43.828880310058594,402.9008527561733
6000000,12000.000001527222,-108.41656494140625,83.6425552368164,-24.774009704589844,394.5053764754199
6010000,12020.000001531296,-126.82577514648438,56.79233932495117,-70.0334358215332,267.86464309794115
6020000,12040.00000153537,-114.47763061523438,79.32585906982422,-35.151771545410156,374.14540729863324
6030000,12060.000001539445,-111.05181884765625,58.93695068359375,-52.1148681640625,277.97983755893426
6040000,12080.00000154352,-109.8388671875,60.068538665771484,-49.770328521728516,283.3170435022504
6050000,12100.000001547594,-122.96725463867188,60.81157684326172,-62.155677795410156,286.82162983532515
6060000,12120.000001551669,-99.8643798828125,60.476951599121094,-39.387428283691406,285.24334880906866
6070000,12140.000001555743,-95.41650390625,75.30171203613281,-20.114791870117188,355.1652645229366
6080000,12160.000001559818,-123.8642578125,51.875850677490234,-71.98840713500977,244.67571493437435
6090000,12180.000001563893,-115.14990234375,88.08834838867188,-27.061553955078125,415.4742397070466
6100000,12200.000001567967,-120.65985107421875,45.619773864746094,-75.04007720947266,215.16853487174967
6110000,12220.000001572042,-123.23574829101562,45.64581298828125,-77.58993530273438,215.29135003687995
6120000,12240.000001576116,-107.23135375976562,56.728641510009766,-50.50271224975586,267.5642083444479
6130000,12260.00000158019,-69.01034545898438,73.05314636230469,4.0428009033203125,344.5597629911898
6140000,12280.000001584265,-114.57958984375,53.23637771606445,-61.34321212768555,251.0927263472617
6150000,12300.00000158834,-136.94427490234375,54.21454620361328,-82.72972869873047,255.70631958750008
6160000,12320.000001592414,-113.81088256835938,49.36437225341797,-64.4465103149414,232.83016886762275
6170000,12340.000001596489,-106.70535278320312,65.57467651367188,-41.13067626953125,309.28708923389223
6180000,12360.000001600563,-110.53839111328125,42.44777297973633,-68.09061813354492,200.20759304281887
6190000,12380.000001604638,-100.35690307617188,50.26246643066406,-50.09443664550781,237.06608658321284
6200000,12400.000001608712,-100.7012939453125,40.526851654052734,-60.174442291259766,191.1474467019655
6210000,12420.000001612787,-108.70947265625,48.40064239501953,-60.30883026123047,228.28467633058068
6220000,12440.000001616861,-107.39862060546875,50.13965606689453,-57.25896453857422,236.48684377245928
6230000,12460.000001620936,-95.18167114257812,49.14988708496094,-46.03178405761719,231.81853607028697
6240000,12480.00000162501,-116.76751708984375,59.62776565551758,-57.13975143432617,281.2381098558775
6250000,12500.000001629085,-114.6827392578125,89.21100616455078,-25.47173309326172,420.76932577026173
6260000,12520.00000163316,-114.181640625,69.22723388671875,-44.95440673828125,326.514605986246
6270000,12540.000001637234,-111.00436401367188,47.235984802246094,-63.76837921142578,222.79149548739426
6280000,12560.000001641309,-121.17330932617188,60.28925323486328,-60.884056091308594,284.35805765977636
6290000,12580.000001645383,-129.64419555664062,61.290077209472656,-68.35411834716797,289.07850693073675
6300000,12600.000001649458,-110.25933837890625,44.72552490234375,-65.5338134765625,210.95075335399892
6310000,12620.000001653532,-100.59210205078125,59.892921447753906,-40.699180603027344,282.48873383962194
6320000,12640.000001657607,-126.07098388671875,64.91834259033203,-61.15264129638672,306.19144897293086
6330000,12660.000001661681,-110.97341918945312,66.24235534667969,-44.73106384277344,312.4362384753836
6340000,12680.000001665756,-122.1190185546875,69.70698547363281,-52.41203308105469,328.7773845428593
6350000,12700.00000166983,-101.14291381835938,57.191184997558594,-43.95172882080078,269.7458238172782
6360000,12720.000001673905,-97.57281494140625,66.93501281738281,-30.637802124023438,315.7032010337916
6370000,12740.00000167798,-96.2025146484375,72.14168548583984,-24.060829162597656,340.26080039739634
6380000,12760.000001682054,-103.9156494140625,65.1541976928711,-38.761451721191406,307.3038744094492
6390000,12780.000001686129,-126.82351684570312,55.77478790283203,-71.0487289428711,263.0652977679277
6400000,12800.000001690203,-102.05142211914062,59.4343147277832,-42.61710739135742,280.3256863788652
6410000,12820.000001694278,-119.09536743164062,56.13827896118164,-62.957088470458984,264.77972622379747
6420000,12840.000001698352,-104.42965698242188,57.94367980957031,-46.48597717285156,273.2950129623011
6430000,12860.000001702427,-113.20175170898438,68.68297576904297,-44.518775939941406,323.94757831707005
6440000,12880.000001706501,-118.06353759765625,72.60671997070312,-45.456817626953125,342.45416481585073
6450000,12900.000001710576,-109.70547485351562,58.88690948486328,-50.818565368652344,277.7438150953862
6460000,12920.00000171465,-124.52261352539062,49.6768684387207,-74.84574508666992,234.30407679500425
6470000,12940.000001718725,-123.8466796875,51.069000244140625,-72.77767944335938,240.8701540800135
6480000,12960.0000017228,-111.473388671875,60.868682861328125,-50.604705810546875,287.090973963951
6490000,12980.000001726874,-105.86740112304688,53.10257339477539,-52.764827728271484,250.4616298438762
6500000,13000.000001730948,-109.61325073242188,67.93584442138672,-41.677406311035156,320.4236862892715
6510000,13020.000001735023,-103.3238525390625,56.0418586730957,-47.2819938659668,264.32495386607224
6520000,13040.000001739098,-118.17062377929688,72.00816345214844,-46.16246032714844,339.6310353212332
6530000,13060.000001743172,-125.94454956054688,47.563255310058594,-78.38129425048828,224.33508743683106
6540000,13080.000001747247,-122.67166137695312,63.559574127197266,-59.11208724975586,299.7827319917935
6550000,13100.000001751321,-115.97702026367188,64.8951644897461,-51.08185577392578,306.0821280026216
6560000,13120.000001755396,-131.53378295898438,56.41289520263672,-75.12088775634766,266.0749710117498
6570000,13140.00000175947,-97.78668212890625,60.513153076171875,-37.273529052734375,285.41409535420286
6580000,13160.000001763545,-114.25942993164062,50.01123809814453,-64.2481918334961,235.88115233985673
6590000,13180.00000176762,-108.4981689453125,77.7228775024414,-30.775291442871094,366.5848438398407
6600000,13200.000001771694,-111.02716064453125,67.9581069946289,-43.069053649902344,320.5286891172381
6610000,13220.000001775768,-101.25665283203125,52.666053771972656,-48.590599060058594,248.40275756713712
6620000,13240.000001779843,-110.99563598632812,62.14527130126953,-48.850364685058594,293.1120836930519
6630000,13260.000001783917,-92.860595703125,68.74635314941406,-24.114242553710938,324.24650172074337
6640000,13280.000001787992,-117.45025634765625,45.974937438964844,-71.4753189086914,216.8436862245607
6650000,13300.000001792067,-108.22515869140625,61.82331085205078,-46.40184783935547,291.5935369692028
6660000,13320.000001796141,-120.0064697265625,54.36656188964844,-65.63990783691406,256.4233111389857
6670000,13340.000001800216,-122.70932006835938,92.50402069091797,-30.205299377441406,436.3010360555985
6680000,13360.00000180429,-128.73187255859375,52.70477294921875,-76.027099609375,248.58537900371377
6690000,13380.000001808365,-109.43402099609375,57.3173713684082,-52.11664962768555,270.34098977792047
6700000,13400.00000181244,-110.68984985351562,92.50060272216797,-18.189247131347656,436.2849149908524
6710000,13420.000001816514,-130.56802368164062,47.214637756347656,-83.35338592529297,222.69081080177034
6720000,13440.000001820588,-122.84347534179688,87.3258285522461,-35.51764678955078,411.8777669033712
6730000,13460.000001824663,-120.48785400390625,44.84932327270508,-75.63853073120117,211.53465616003064
6740000,13480.000001828737,-116.111572265625,51.62932586669922,-64.48224639892578,243.51296514730387
6750000,13500.000001832812,-113.07986450195312,90.48638916015625,-22.593475341796875,426.78474994527807
6760000,13520.000001836886,-96.3653564453125,78.83677673339844,-17.528579711914062,371.838619674644
6770000,13540.000001840961,-119.38034057617188,58.3987922668457,-60.98154830932617,275.4415795131165
6780000,13560.000001845036,-106.03253173828125,55.35255432128906,-50.67997741699219,261.07380650399443
6790000,13580.00000184911,-111.5902099609375,49.884525299072266,-61.705684661865234,235.28350344736742
6800000,13600.000001853185,-94.96694946289062,71.56857299804688,-23.39837646484375,337.55767927538625
6810000,13620.00000185726,-115.31939697265625,38.15998840332031,-77.15940856933594,179.9839872027627
6820000,13640.000001861334,-100.57757568359375,66.38401794433594,-34.19355773925781,313.1043990338772
6830000,13660.000001865408,-101.64413452148438,88.46780395507812,-13.17633056640625,417.26396577001725
6840000,13680.000001869483,-93.19287109375,69.21485900878906,-23.978012084960938,326.45623909558054
6850000,13700.000001873557,-101.47695922851562,64.77226257324219,-36.70469665527344,305.50245337763374
6860000,13720.000001877632,-118.64312744140625,50.55228042602539,-68.09084701538086,238.43301253405397
6870000,13740.000001881706,-104.835205078125,65.38978576660156,-39.44541931152344,308.41504038778425
6880000,13760.00000188578,-120.02597045898438,43.12527847290039,-76.90069198608398,203.40309034545515
6890000,13780.000001889855,-108.87026977539062,49.37160873413086,-59.498661041259766,232.86430018438983
6900000,13800.00000189393,-115.77810668945312,56.066795349121094,-59.71131134033203,264.44256926813154
6910000,13820.000001898004,-131.72882080078125,86.23213958740234,-45.496681213378906,406.719314060783
6920000,13840.000001902079,-90.49542236328125,92.888427734375,2.39300537109375,438.11411607173926
6930000,13860.000001906154,-76.40582275390625,45.77184295654297,-30.63397979736328,215.885778314872
6940000,13880.000001910228,-95.28219604492188,68.09807586669922,-27.184120178222656,321.1888611123978
6950000,13900.000001914303,-125.74496459960938,61.74248123168945,-64.00248336791992,291.2122989771217
6960000,13920.000001918377,-107.91958618164062,62.73826599121094,-45.18132019042969,295.9089804729375
6970000,13940.000001922452,-88.10342407226562,65.98028564453125,-22.123138427734375,311.200170229786
6980000,13960.000001926526,-80.93429565429688,101.47259521484375,20.538299560546875,478.6018823053534
6990000,13980.0000019306,-128.85183715820312,81.47323608398438,-47.37860107421875,384.27364614795323
7000000,14000.000001934675,-111.59109497070312,36.03302764892578,-75.55806732177734,169.95204292768491
7010000,14020.00000193875,-128.86050415039062,61.19212341308594,-67.66838073730469,288.6165016845875
7020000,14040.000001942824,-100.54241943359375,68.2502670288086,-32.292152404785156,321.9066803078324
7030000,14060.000001946899,-126.17578125,82.94618225097656,-43.22959899902344,391.2208894560045
7040000,14080.000001950973,-107.2108154296875,60.97962951660156,-46.23118591308594,287.61426084684706
7050000,14100.000001955048,-124.25241088867188,70.66778564453125,-53.584625244140625,333.30905902440475
7060000,14120.000001959123,-107.10433959960938,65.63471984863281,-41.46961975097656,309.5702874025343
7070000,14140.000001963197,-107.5303955078125,42.401676177978516,-65.12871932983398,199.99017457586396
7080000,14160.000001967272,-104.00119018554688,53.0301399230957,-50.97105026245117,250.1199928155297
7090000,14180.000001971346,-124.26388549804688,70.9167709350586,-53.34711456298828,334.4834138190212
7100000,14200.00000197542,-104.15444946289062,70.6344985961914,-33.51995086669922,333.15205856572817
7110000,14220.000001979495,-115.002685546875,60.60649108886719,-54.39619445800781,285.85432996604106
7120000,14240.00000198357,-113.12347412109375,75.36903381347656,-37.75444030761719,355.482791923203
7130000,14260.000001987644,-141.71640014648438,66.35186004638672,-75.36454010009766,312.9527242840899
7140000,14280.000001991719,-117.9608154296875,73.30998992919922,-44.65082550048828,345.7711818409145
7150000,14300.000001995793,-138.27130126953125,47.83177947998047,-90.43952178955078,225.60159858594466
7160000,14320.000001999868,-122.732421875,54.75641632080078,-67.97600555419922,258.2620841020655
7170000,14340.000002003942,-100.60238647460938,70.04216003417969,-30.560226440429688,330.35825645452144
7180000,14360.000002008017,-104.93463134765625,57.91345977783203,-47.02117156982422,273.1524782804725
7190000,14380.000002012091,-99.921630859375,72.94175720214844,-26.979873657226562,344.03438900616146
7200000,14400.000002016166,-129.45611572265625,58.41307067871094,-71.04304504394531,275.50892454140285
7210000,14420.00000202024,-110.49517822265625,60.952606201171875,-49.542572021484375,287.4868036786984
7220000,14440.000002024315,-107.099609375,44.51899719238281,-62.58061218261719,209.9766524105251
7230000,14460.00000202839,-102.41961669921875,77.56037902832031,-24.859237670898438,365.81840955853113
7240000,14480.000002032464,-106.63998413085938,66.1925277709961,-40.44745635986328,312.2012235783822
7250000,14500.000002036539,-108.22702026367188,58.13690948486328,-50.090110778808594,274.2063928882472
7260000,14520.000002040613,-101.3233642578125,50.898223876953125,-50.425140380859375,240.06467659502206
7270000,14540.000002044688,-102.62136840820312,63.44935607910156,-39.17201232910156,299.26288163051186
7280000,14560.000002048762,-97.52383422851562,48.594913482666016,-48.92892074584961,229.20096814344166
7290000,14580.000002052837,-101.42156982421875,49.78651809692383,-51.63505172729492,234.8212463095815
7300000,14600.000002056911,-102.25653076171875,60.579071044921875,-41.677459716796875,285.7250016028772
7310000,14620.000002060986,-105.09088134765625,74.9539566040039,-30.136924743652344,353.52505413858194
7320000,14640.00000206506,-121.3399658203125,61.444580078125,-59.8953857421875,289.80722943558675
7330000,14660.000002069135,-109.61163330078125,78.25372314453125,-31.35791015625,369.08861072369615
7340000,14680.00000207321,-120.10903930664062,62.98725891113281,-57.12178039550781,297.08337125207356
7350000,14700.000002077284,-121.52932739257812,59.63938522338867,-61.88994216918945,281.2929142791103
7360000,14720.000002081359,-82.53384399414062,64.54564666748047,-17.988197326660156,304.43360519425715
7370000,14740.000002085433,-122.29061889648438,51.07979965209961,-71.21081924438477,240.9210901673976
7380000,14760.000002089508,-129.31454467773438,34.59946823120117,-94.7150764465332,163.19056970166852
7390000,14780.000002093582,-111.31826782226562,71.51531219482422,-39.802955627441406,337.3064713445998
7400000,14800.000002097657,-100.42327880859375,72.99662017822266,-27.426658630371094,344.2931536860477
7410000,14820.000002101731,-93.82070922851562,53.94286346435547,-39.877845764160156,254.42491084730418
7420000,14840.000002105806,-82.66778564453125,87.55583190917969,4.8880462646484375,412.96259221341575
7430000,14860.00000210988,-121.32449340820312,76.2158432006836,-45.10865020751953,359.47682169856296
7440000,14880.000002113955,-132.94863891601562,49.91346740722656,-83.03517150878906,235.420010722176
7450000,14900.00000211803,-120.64816284179688,62.519508361816406,-58.12865447998047,294.87719634466913
7460000,14920.000002122104,-106.50558471679688,76.8979263305664,-29.60765838623047,362.6939097129127
7470000,14940.000002126179,-118.4788818359375,47.49737548828125,-70.98150634765625,224.02436111075434
7480000,14960.000002130253,-103.04275512695312,89.66813659667969,-13.374618530273438,422.92541022649084
7490000,14980.000002134328,-124.54525756835938,69.97102355957031,-54.57423400878906,330.0227367944937
7500000,15000.000002138402,-125.04278564453125,63.264400482177734,-61.778385162353516,298.39052691598783
7510000,15020.000002142477,-124.60781860351562,58.21270751953125,-66.39511108398438,274.56389908970317
7520000,15040.000002146551,-115.59228515625,42.58653259277344,-73.00575256347656,200.8620614916342
7530000,15060.000002150626,-135.88616943359375,65.3311538696289,-70.55501556396484,308.1384993552538
7540000,15080.0000021547,-121.4998779296875,52.164642333984375,-69.33523559570312,246.03781895959946
7550000,15100.000002158775,-103.92556762695312,41.02295684814453,-62.902610778808594,193.48735807617527
7560000,15120.00000216285,-100.10653686523438,62.79947280883789,-37.307064056396484,296.19766628080674
7570000,15140.000002166924,-114.96142578125,54.824851989746094,-60.136573791503906,258.5848652421823
7580000,15160.000002170998,-131.50250244140625,56.80543899536133,-74.69706344604492,267.92642851796126
7590000,15180.000002175073,-91.81219482421875,81.54290771484375,-10.269287109375,384.6022567802326
7600000,15200.000002179147,-114.14501953125,63.657920837402344,-50.487098693847656,300.2465904406982
7610000,15220.000002183222,-125.68045043945312,81.97734832763672,-43.703102111816406,386.65132327540186
7620000,15240.000002187297,-120.3052978515625,51.411651611328125,-68.89364624023438,242.48629082080762
7630000,15260.000002191371,-117.709228515625,51.42158889770508,-66.28763961791992,242.5331606574857
7640000,15280.000002195446,-111.178466796875,78.53378295898438,-32.644683837890625,370.40953046632774
7650000,15300.00000219952,-100.4232177734375,56.716529846191406,-43.706687927246094,267.5070829197059
7660000,15320.000002203595,-104.26699829101562,84.1691665649414,-20.09783172607422,396.9891719509404
7670000,15340.00000220767,-114.80880737304688,53.7135009765625,-61.095306396484375,253.3431082368995
7680000,15360.000002211744,-130.3128662109375,42.2045783996582,-88.1082878112793,199.06055049851992
7690000,15380.000002215818,-108.90676879882812,60.72793197631836,-48.178836822509766,286.4271135555403
7700000,15400.000002219893,-113.52133178710938,42.72969055175781,-70.79164123535156,201.5372750159542
7710000,15420.000002223967,-113.42715454101562,56.5786018371582,-56.84855270385742,266.85653678351855
7720000,15440.000002228042,-101.68417358398438,79.01053619384766,-22.67363739013672,372.6581671067687
7730000,15460.000002232116,-108.26910400390625,78.404052734375,-29.86505126953125,369.79764969636733
7740000,15480.000002236191,-115.67648315429688,41.6972541809082,-73.97922897338867,196.66772388835233
7750000,15500.000002240266,-111.65194702148438,67.15235900878906,-44.49958801269531,316.7283280259483
7760000,15520.00000224434,-132.60519409179688,70.85122680664062,-61.75396728515625,334.1742708118036
7770000,15540.000002248415,-115.703369140625,48.123477935791016,-67.57989120483398,226.97741271310784
7780000,15560.00000225249,-105.41427612304688,75.96269226074219,-29.451583862304688,358.2828193562871
7790000,15580.000002256564,-115.72341918945312,45.84281921386719,-69.88059997558594,216.22054229998972
7800000,15600.000002260638,-119.29714965820312,44.95964050292969,-74.33750915527344,212.0549743200661
7810000,15620.000002264713,-111.350341796875,54.290191650390625,-57.060150146484375,256.0631060985656
7820000,15640.000002268787,-123.0855712890625,62.47378921508789,-60.61178207397461,294.6615591114306
7830000,15660.000002272862,-106.64944458007812,48.135520935058594,-58.51392364501953,227.0342142771741
7840000,15680.000002276936,-118.04159545898438,53.019073486328125,-65.02252197265625,250.0677972699623
7850000,15700.00000228101,-121.47991943359375,48.7454719543457,-72.73444747924805,229.9110866516985
7860000,15720.000002285085,-118.2481689453125,77.12437438964844,-41.12379455566406,363.7619662368598
7870000,15740.00000228916,-116.03933715820312,55.232086181640625,-60.8072509765625,260.50561094073424
7880000,15760.000002293235,-130.56625366210938,71.07495880126953,-59.491294860839844,335.2295168468006
7890000,15780.000002297309,-89.84597778320312,55.459983825683594,-34.38599395751953,261.58050452339063
7900000,15800.000002301384,-139.51959228515625,64.05001068115234,-75.4695816040039,302.09590686799805
7910000,15820.000002305458,-102.234375,63.43254089355469,-38.80183410644531,299.18357174948426
7920000,15840.000002309533,-100.810546875,58.338138580322266,-42.472408294677734,275.15550258291273
7930000,15860.000002313607,-98.07159423828125,82.3836898803711,-15.687904357910156,388.56785878516973
7940000,15880.000002317682,-107.88772583007812,73.1748275756836,-34.71289825439453,345.133680093054
7950000,15900.000002321756,-112.77328491210938,86.09557342529297,-26.677711486816406,406.0751911613304
7960000,15920.00000232583,-126.15914916992188,55.831058502197266,-70.32809066772461,263.33070159166584
7970000,15940.000002329905,-118.59429931640625,80.60307312011719,-37.99122619628906,380.169467758335
7980000,15960.00000233398,-114.72964477539062,76.25127410888672,-38.478370666503906,359.64393380722544
7990000,15980.000002338054,-122.01541137695312,83.8643569946289,-38.15105438232422,395.5515184269778
8000000,16000.000002342129,-111.92919921875,53.56849670410156,-58.36070251464844,252.65918645885503
8010000,16020.000002346203,-122.488525390625,44.31502914428711,-78.17349624633789,209.01462427335105
8020000,16040.000002350278,-132.42221069335938,87.01828002929688,-45.4039306640625,410.42719493690004
8030000,16060.000002354353,-90.73330688476562,54.090389251708984,-36.64291763305664,255.1207255090508
8040000,16080.000002358427,-123.15054321289062,49.464256286621094,-73.68628692626953,233.30127819721122
8050000,16100.000002362502,-119.36764526367188,64.09903717041016,-55.26860809326172,302.3271433904496
8060000,16120.000002366576,-103.36178588867188,55.568809509277344,-47.79297637939453,262.0937877098595
8070000,16140.00000237065,-105.47796630859375,84.13432312011719,-21.343643188476562,396.8248306502811
8080000,16160.000002374725,-113.87322998046875,82.62432861328125,-31.2489013671875,389.7028465154287
8090000,16180.0000023788,-112.37994384765625,61.72438049316406,-50.65556335449219,291.12692570455454
8100000,16200.000002382874,-113.6455078125,69.17051696777344,-44.47499084472656,326.2470970681158
8110000,16220.000002386949,-88.80908203125,77.3103256225586,-11.498756408691406,364.6390169311815
8120000,16240.000002391023,-112.76556396484375,58.27619934082031,-54.48936462402344,274.86336226116936
8130000,16260.000002395098,-123.78179931640625,48.15325164794922,-75.62854766845703,227.11784230054437
8140000,16280.000002399172,-120.10873413085938,65.36929321289062,-54.73944091796875,308.31838596834683
8150000,16300.000002403247,-122.19940185546875,59.5042610168457,-62.69514083862305,280.6555924538474
8160000,16320.000002407322,-99.6934814453125,73.404296875,-26.2891845703125,346.215986486732
8170000,16340.000002411396,-114.54782104492188,69.96981811523438,-44.5780029296875,330.01705124040916
8180000,16360.00000241547,-125.7779541015625,55.47901916503906,-70.29893493652344,261.6702858995992
8190000,16380.000002419545,-109.49639892578125,88.55094146728516,-20.945457458496094,417.65608907925383
8200000,16400.000002423618,-132.79995727539062,76.70758819580078,-56.092369079589844,361.79616791986564
8210000,16420.000002427692,-95.21975708007812,78.75273132324219,-16.467025756835938,371.44221420758424
8220000,16440.000002431767,-117.83401489257812,85.25397491455078,-32.580039978027344,402.10573881280436
8230000,16460.00000243584,-132.43890380859375,75.9427261352539,-56.496177673339844,358.1886478686968
8240000,16480.000002439916,-130.64279174804688,63.73908615112305,-66.90370559692383,300.6294117516382
8250000,16500.00000244399,-117.54141235351562,53.4817008972168,-64.05971145629883,252.2498085725074
8260000,16520.000002448065,-106.98410034179688,61.86513137817383,-45.11896896362305,291.7907861129653
8270000,16540.00000245214,-103.94281005859375,48.7371826171875,-55.20562744140625,229.8719894712373
8280000,16560.000002456214,-110.94696044921875,69.13335418701172,-41.81360626220703,326.0718164735217
8290000,16580.00000246029,-98.13604736328125,53.24536895751953,-44.89067840576172,251.13513410351896
8300000,16600.000002464363,-93.1527099609375,57.146453857421875,-36.006256103515625,269.53484657931784
8310000,16620.000002468438,-117.79769897460938,58.08845520019531,-59.70924377441406,273.97785520475986
8320000,16640.000002472512,-106.51828002929688,56.783348083496094,-49.73493194580078,267.82223534168395
8330000,16660.000002476587,-112.91778564453125,85.12063598632812,-27.797149658203125,401.4768373651098
8340000,16680.00000248066,-105.17318725585938,81.37275695800781,-23.800430297851562,383.79973002584205
8350000,16700.000002484736,-115.33694458007812,50.82953643798828,-64.50740814208984,239.7407079657611
8360000,16720.00000248881,-125.41888427734375,50.88251495361328,-74.53636932373047,239.99058446932526
8370000,16740.000002492885,-103.79254150390625,70.25579833984375,-33.5367431640625,331.3658949701902
8380000,16760.00000249696,-99.96493530273438,71.91036224365234,-28.05457305908203,339.16974976547436
8390000,16780.000002501034,-127.98602294921875,46.08467483520508,-81.90134811401367,217.36126956111246
8400000,16800.00000250511,-111.96188354492188,45.82317352294922,-66.13871002197266,216.12788216221932
8410000,16820.000002509183,-126.554443359375,50.14196014404297,-76.41248321533203,236.4977110973551
8420000,16840.000002513258,-116.75759887695312,70.60249328613281,-46.15510559082031,333.0011035063313
8430000,16860.000002517332,-113.58425903320312,73.8228988647461,-39.76136016845703,348.1903491193725
8440000,16880.000002521407,-103.53057861328125,78.60616302490234,-24.924415588378906,370.75091560303764
8450000,16900.00000252548,-123.61697387695312,71.89530944824219,-51.72166442871094,339.0987523084565
8460000,16920.000002529556,-102.47665405273438,50.45475387573242,-52.02190017700195,237.97302242099798
8470000,16940.00000253363,-125.03509521484375,56.42339324951172,-68.61170196533203,266.12448571061276
8480000,16960.000002537705,-119.57534790039062,70.82635498046875,-48.748992919921875,334.0569612781602
8490000,16980.00000254178,-125.34500122070312,81.03726959228516,-44.30773162841797,382.2173827488795
8500000,17000.000002545854,-126.28912353515625,61.957889556884766,-64.33123397827148,292.22828590131974
8510000,17020.00000254993,-108.8038330078125,63.864356994628906,-44.939476013183594,301.22025956993775
8520000,17040.000002554003,-92.235107421875,88.54122924804688,-3.693878173828125,417.61028078590175
8530000,17060.000002558078,-102.92840576171875,57.127811431884766,-45.800594329833984,269.44691840586466
8540000,17080.000002562152,-105.97262573242188,68.80841064453125,-37.164215087890625,324.5391998025393
8550000,17100.000002566227,-116.23287963867188,54.643348693847656,-61.58953094482422,257.7287935227422
8560000,17120.0000025703,-116.21017456054688,70.19129943847656,-46.01887512207031,331.0616818421471
8570000,17140.000002574376,-115.849853515625,52.074432373046875,-63.775421142578125,245.6123380007655
8580000,17160.00000257845,-115.11566162109375,65.35089111328125,-49.7647705078125,308.2315913072585
8590000,17180.000002582525,-114.0030517578125,72.4615249633789,-41.541526794433594,341.7693434248182
8600000,17200.0000025866,-125.79470825195312,65.60237884521484,-60.19232940673828,309.4177490242784
8610000,17220.000002590674,-110.48373413085938,71.47869873046875,-39.005035400390625,337.13378163541137
8620000,17240.00000259475,-116.88626098632812,48.94708251953125,-67.93917846679688,230.86199557234008
8630000,17260.000002598823,-104.68966674804688,60.301822662353516,-44.38784408569336,284.41734215568965
8640000,17280.000002602897,-124.59136962890625,58.81525421142578,-65.77611541748047,277.405848488031
8650000,17300.000002606972,-131.63998413085938,66.32678985595703,-65.31319427490234,312.83447915293897
8660000,17320.000002611047,-103.55194091796875,59.5680046081543,-43.98393630981445,280.95624311445783
8670000,17340.00000261512,-122.02935791015625,68.44422912597656,-53.58512878417969,322.8215147476527
8680000,17360.000002619196,-90.30899047851562,95.23812103271484,4.929130554199219,449.1965924097567
8690000,17380.00000262327,-107.72503662109375,50.47273254394531,-57.25230407714844,238.05781994125272
8700000,17400.000002627345,-104.335693359375,50.49708557128906,-53.83860778808594,238.17268252756853
8710000,17420.00000263142,-104.45620727539062,97.36497497558594,-7.0912322998046875,459.2280329015611
8720000,17440.000002635494,-126.04681396484375,43.79048156738281,-82.25633239746094,206.5405626103614
8730000,17460.00000263957,-123.82772827148438,66.51610565185547,-57.311622619628906,313.7273990203701
8740000,17480.000002643643,-133.9149169921875,76.2681884765625,-57.646728515625,359.72371148700677
8750000,17500.000002647717,-93.001953125,68.82723236083984,-24.174720764160156,324.6279736122013
8760000,17520.000002651792,-119.51187133789062,38.048099517822266,-81.46377182006836,179.4562562317056
8770000,17540.000002655866,-82.96563720703125,55.363365173339844,-27.602272033691406,261.12479656815776
8780000,17560.00000265994,-117.40045166015625,63.36376953125,-54.03668212890625,298.8592072905085
8790000,17580.000002664015,-109.5030517578125,55.584102630615234,-53.918949127197266,262.1659186792423
8800000,17600.00000266809,-134.1141357421875,63.17657470703125,-70.93756103515625,297.97629111950465
8810000,17620.000002672165,-127.63467407226562,66.55192565917969,-61.08274841308594,313.8963463395282
8820000,17640.00000267624,-115.51739501953125,41.45987319946289,-74.05752182006836,195.54810154792955
8830000,17660.000002680314,-103.97250366210938,98.8094253540039,-5.163078308105469,466.04087402919583
8840000,17680.000002684388,-97.26193237304688,57.996341705322266,-39.26559066772461,273.5433961083051
8850000,17700.000002688463,-101.09405517578125,70.05500793457031,-31.039047241210938,330.4188543853973
8860000,17720.000002692537,-115.56460571289062,62.541893005371094,-53.02271270751953,294.9827749249481
8870000,17740.00000269661,-116.33462524414062,65.79876708984375,-50.535858154296875,310.3440265413069
8880000,17760.000002700686,-123.45809936523438,59.002864837646484,-64.45523452758789,278.2907258153488
8890000,17780.00000270476,-109.56887817382812,48.174842834472656,-61.39403533935547,227.21967849079303
8900000,17800.000002708835,-104.49868774414062,62.40467071533203,-42.094017028808594,294.3355573568166
8910000,17820.00000271291,-107.947021484375,51.19615173339844,-56.75086975097656,241.46987208237536
8920000,17840.000002716984,-117.01617431640625,53.75880813598633,-63.25736618041992,253.5568023060838
8930000,17860.00000272106,-120.26953125,52.993534088134766,-67.27599716186523,249.9473390908608
8940000,17880.000002725134,-104.57986450195312,56.70038986206055,-47.87947463989258,267.4309576686561
8950000,17900.000002729208,-106.41912841796875,58.73469543457031,-47.68443298339844,277.02588794639297
8960000,17920.000002733283,-114.84622192382812,71.3132095336914,-43.53301239013672,336.353241422449
8970000,17940.000002737357,-117.63104248046875,71.54234313964844,-46.08869934082031,337.433964497268
8980000,17960.00000274143,-92.88470458984375,62.67529296875,-30.20941162109375,295.61196424879887
8990000,17980.000002745506,-98.46249389648438,57.888824462890625,-40.57366943359375,273.0362842669344
9000000,18000.00000274958,-130.7344970703125,52.899784088134766,-77.83471298217773,249.5051613149684
9010000,18020.000002753655,-129.783447265625,54.803096771240234,-74.98035049438477,258.4822553847639
9020000,18040.00000275773,-110.2181396484375,74.40261840820312,-35.815521240234375,350.92463283528906
9030000,18060.000002761804,-129.03643798828125,61.58856201171875,-67.4478759765625,290.4863292880152
9040000,18080.00000276588,-125.06979370117188,57.117027282714844,-67.95276641845703,269.39605428751963
9050000,18100.000002769953,-110.76718139648438,64.5793228149414,-46.18785858154297,304.59244086342943
9060000,18120.000002774028,-122.88919067382812,101.75025939941406,-21.138931274414062,479.91150290885497
9070000,18140.000002778102,-87.42999267578125,52.301918029785156,-35.128074645996094,246.68528841936765
9080000,18160.000002782177,-115.10446166992188,80.3553466796875,-34.749114990234375,379.0010504094397
9090000,18180.00000278625,-123.52017211914062,68.7657699584961,-54.75440216064453,324.3380823229281
9100000,18200.000002790326,-84.55685424804688,80.32997131347656,-4.2268829345703125,378.8813658975079
9110000,18220.0000027944,-125.9676513671875,55.392948150634766,-70.57470321655273,261.2643265426063
9120000,18240.000002798475,-121.114501953125,60.002349853515625,-61.112152099609375,283.00485980313306
9130000,18260.00000280255,-111.57144165039062,55.558326721191406,-56.01311492919922,262.04434498003553
9140000,18280.000002806624,-111.633544921875,56.48598861694336,-55.14755630493164,266.41972070103503
9150000,18300.0000028107,-108.98587036132812,51.30726623535156,-57.67860412597656,241.99395062470091
9160000,18320.000002814773,-110.42349243164062,85.177490234375,-25.246002197265625,401.7449940045914
9170000,18340.000002818848,-129.19940185546875,65.91238403320312,-63.287017822265625,310.8799080060358
9180000,18360.000002822922,-112.20379638671875,54.33970642089844,-57.86408996582031,256.29664563026654
9190000,18380.000002826997,-123.4046630859375,88.93705749511719,-34.46760559082031,419.4772296277676
9200000,18400.00000283107,-101.78610229492188,70.39828491210938,-31.3878173828125,332.03794185679226
9210000,18420.000002835146,-118.02670288085938,43.97441101074219,-74.05229187011719,207.40807740700964
9220000,18440.00000283922,-109.53057861328125,60.95090103149414,-48.57967758178711,287.4787611385851
9230000,18460.000002843295,-117.39190673828125,54.53009796142578,-62.86180877685547,257.19463931495034
9240000,18480.00000284737,-109.011474609375,43.4104118347168,-65.6010627746582,204.74793979356923
9250000,18500.000002851444,-108.845458984375,34.554344177246094,-74.2911148071289,162.97773926095277
9260000,18520.00000285552,-111.568115234375,76.16448211669922,-35.40363311767578,359.2345739131375
9270000,18540.000002859593,-97.79257202148438,52.67430877685547,-45.118263244628906,248.44169281726047
9280000,18560.000002863668,-120.12063598632812,56.90375518798828,-63.216880798339844,268.39014302878786
